container_1	container_2	class_1	class_2	cve_id	ghsa_id	group_artifact	latest_vulnerable_version	fixed_version	repo	fix_commit	modified_methods
jars/NEQ3/xstream-1.4.5.jar	jars/NEQ3/xstream-1.4.6.jar	/com/thoughtworks/xstream/XStream.class	/com/thoughtworks/xstream/XStream.class	CVE-2013-7285	GHSA-f554-x222-wgf7	com.thoughtworks.xstream:xstream	1.4.5	1.4.6	https://github.com/x-stream/xstream	6344867dce6767af7d0fe34fb393271a6456672d	[XStream::allowTypes, XStream::denyPermission, XStream::buildMapper, XStream::denyTypes, XStream::allowTypesByWildcard, XStream::allowTypesByRegExp, XStream::allowTypesByRegExp, XStream::denyTypesByRegExp, XStream::setupMappers, XStream::denyTypesByRegExp, XStream::XStream, XStream::setupSecurity, XStream::denyTypesByWildcard, XStream::addPermission]
jars/NEQ3/ratpack-core-1.7.4.jar	jars/NEQ3/ratpack-core-1.7.5.jar	/ratpack/server/internal/NettyHandlerAdapter.class	/ratpack/server/internal/NettyHandlerAdapter.class	CVE-2019-17513	GHSA-mvqp-q37c-wf9j	io.ratpack:ratpack-core	1.7.4	1.7.5	https://github.com/ratpack/ratpack	efb910d38a96494256f36675ef0e5061097dd77d	[NettyHandlerAdapter::newRequest]
jars/NEQ3/armeria-0.96.0.jar	jars/NEQ3/armeria-0.97.0.jar	/com/linecorp/armeria/common/HttpHeaderNames.class	/com/linecorp/armeria/common/HttpHeaderNames.class	CVE-2019-16771	GHSA-24r8-fm9r-cpj2	com.linecorp.armeria:armeria	0.96.0	0.97.0	https://github.com/line/armeria	b597f7a865a527a84ee3d6937075cfbb4470ed20	[HttpHeaderNames::create, HttpHeaderNames::malformedHeaderNameMessage, HttpHeaderNames::of, HttpHeaderNames::validate, HttpHeaderNames::of]
jars/NEQ3/armeria-0.96.0.jar	jars/NEQ3/armeria-0.97.0.jar	/com/linecorp/armeria/common/HttpHeadersBase.class	/com/linecorp/armeria/common/HttpHeadersBase.class	CVE-2019-16771	GHSA-24r8-fm9r-cpj2	com.linecorp.armeria:armeria	0.96.0	0.97.0	https://github.com/line/armeria	b597f7a865a527a84ee3d6937075cfbb4470ed20	[HttpHeadersBase::set, HttpHeadersBase::setObject, HttpHeadersBase::add, HttpHeadersBase::add, HttpHeadersBase::addObject, HttpHeadersBase::normalizeName, HttpHeadersBase::add0, HttpHeadersBase::add, HttpHeadersBase::addObject, HttpHeadersBase::set, HttpHeadersBase::setObject, HttpHeadersBase::validateValue, HttpHeadersBase::malformedHeaderValueMessage, HttpHeadersBase::set]
jars/NEQ3/armeria-0.96.0.jar	jars/NEQ3/armeria-0.97.0.jar	/com/linecorp/armeria/internal/ArmeriaHttpUtil.class	/com/linecorp/armeria/internal/ArmeriaHttpUtil.class	CVE-2019-16771	GHSA-24r8-fm9r-cpj2	com.linecorp.armeria:armeria	0.96.0	0.97.0	https://github.com/line/armeria	b597f7a865a527a84ee3d6937075cfbb4470ed20	[ArmeriaHttpUtil::toLowercaseMap]
jars/NEQ3/xstream-1.4.10-java7.jar	jars/NEQ3/xstream-1.4.11.jar	/com/thoughtworks/xstream/XStream.class	/com/thoughtworks/xstream/XStream.class	CVE-2019-10173	GHSA-hf23-9pf7-388p	com.thoughtworks.xstream:xstream	1.4.10-java7	1.4.11	https://github.com/x-stream/xstream	f38a1da3ae9491930c2067c12cd2506738b21dab	[XStream::unmarshal, XStream::setupDefaultSecurity, XStream::readResolve, XStream::setupSecurity, XStream::addPermission]
jars/NEQ3/xstream-1.4.10-java7.jar	jars/NEQ3/xstream-1.4.11.jar	/com/thoughtworks/xstream/XStream$InternalBlackList.class	/com/thoughtworks/xstream/XStream$InternalBlackList.class	CVE-2019-10173	GHSA-hf23-9pf7-388p	com.thoughtworks.xstream:xstream	1.4.10-java7	1.4.11	https://github.com/x-stream/xstream	f38a1da3ae9491930c2067c12cd2506738b21dab	[XStream::InternalBlackList::canConvert]
jars/NEQ3/c3p0-0.9.5.2.jar	jars/NEQ3/c3p0-0.9.5.3.jar	/com/mchange/v2/c3p0/cfg/C3P0ConfigXmlUtils.class	/com/mchange/v2/c3p0/cfg/C3P0ConfigXmlUtils.class	CVE-2018-20433	GHSA-q485-j897-qc27	com.mchange:c3p0	0.9.5.2	0.9.5.3	https://github.com/swaldman/c3p0	7dfdda63f42759a5ec9b63d725b7412f74adb3e1	[C3P0ConfigXmlUtils::extractXmlConfigFromDefaultResource, C3P0ConfigXmlUtils::extractXmlConfigFromInputStream, C3P0ConfigXmlUtils::extractXmlConfigFromInputStream, C3P0ConfigXmlUtils::extractXmlConfigFromDefaultResource]
jars/NEQ3/c3p0-0.9.5.2.jar	jars/NEQ3/c3p0-0.9.5.3.jar	/com/mchange/v2/c3p0/cfg/DefaultC3P0ConfigFinder.class	/com/mchange/v2/c3p0/cfg/DefaultC3P0ConfigFinder.class	CVE-2018-20433	GHSA-q485-j897-qc27	com.mchange:c3p0	0.9.5.2	0.9.5.3	https://github.com/swaldman/c3p0	7dfdda63f42759a5ec9b63d725b7412f74adb3e1	[DefaultC3P0ConfigFinder::findConfig, DefaultC3P0ConfigFinder::findExpandEntityReferences]
jars/NEQ3/solr-core-8.1.1.jar	jars/NEQ3/solr-core-8.2.0.jar	/org/apache/solr/core/PluginBag$RuntimeLib.class	/org/apache/solr/core/PluginBag$RuntimeLib.class	CVE-2019-0193	GHSA-3gm7-v7vw-866c	org.apache.solr:solr-core	8.1.1	8.2.0	https://github.com/apache/lucene-solr	325824cd391c8e71f36f17d687f52344e50e9715	[PluginBag::RuntimeLib::isEnabled]
jars/NEQ3/tika-parsers-1.21.jar	jars/NEQ3/tika-parsers-1.22.jar	/org/apache/tika/parser/microsoft/ooxml/xwpf/ml2006/Word2006MLParser.class	/org/apache/tika/parser/microsoft/ooxml/xwpf/ml2006/Word2006MLParser.class	CVE-2019-10093	GHSA-4mq5-mj59-qq9c	org.apache.tika:tika-parsers	1.21	1.22	https://github.com/apache/tika	81c21ab0aac6b3e4102a1a8906c8c7eab6f96dae	[Word2006MLParser::parse]
jars/NEQ3/tika-parsers-1.21.jar	jars/NEQ3/tika-parsers-1.22.jar	/org/apache/tika/parser/microsoft/xml/AbstractXML2003Parser.class	/org/apache/tika/parser/microsoft/xml/AbstractXML2003Parser.class	CVE-2019-10093	GHSA-4mq5-mj59-qq9c	org.apache.tika:tika-parsers	1.21	1.22	https://github.com/apache/tika	81c21ab0aac6b3e4102a1a8906c8c7eab6f96dae	[AbstractXML2003Parser::parse]
jars/NEQ3/tika-parsers-1.21.jar	jars/NEQ3/tika-parsers-1.22.jar	/org/apache/tika/parser/pkg/StreamingZipContainerDetector.class	/org/apache/tika/parser/pkg/StreamingZipContainerDetector.class	CVE-2019-10093	GHSA-4mq5-mj59-qq9c	org.apache.tika:tika-parsers	1.21	1.22	https://github.com/apache/tika	81c21ab0aac6b3e4102a1a8906c8c7eab6f96dae	[StreamingZipContainerDetector::parseOOXMLContentTypes]
jars/NEQ3/tika-core-1.21.jar	jars/NEQ3/tika-core-1.22.jar	/org/apache/tika/parser/RecursiveParserWrapper$EmbeddedParserDecorator.class	/org/apache/tika/parser/RecursiveParserWrapper$EmbeddedParserDecorator.class	CVE-2019-10094	GHSA-mm7m-xg4h-6m52	org.apache.tika:tika-core	1.21	1.22	https://github.com/apache/tika	426be73b9e7500fa3d441231fa4e473de34743f6	[RecursiveParserWrapper::EmbeddedParserDecorator::parse]
jars/NEQ3/tika-core-1.21.jar	jars/NEQ3/tika-core-1.22.jar	/org/apache/tika/parser/RecursiveParserWrapper.class	/org/apache/tika/parser/RecursiveParserWrapper.class	CVE-2019-10094	GHSA-mm7m-xg4h-6m52	org.apache.tika:tika-core	1.21	1.22	https://github.com/apache/tika	426be73b9e7500fa3d441231fa4e473de34743f6	[RecursiveParserWrapper::parse]
jars/NEQ3/tika-core-1.21.jar	jars/NEQ3/tika-core-1.22.jar	/org/apache/tika/parser/RecursiveParserWrapper$EmbeddedParserDecorator.class	/org/apache/tika/parser/RecursiveParserWrapper$EmbeddedParserDecorator.class	CVE-2019-10088	GHSA-mfwh-gqx8-c787	org.apache.tika:tika-core	1.21	1.22	https://github.com/apache/tika	426be73b9e7500fa3d441231fa4e473de34743f6	[RecursiveParserWrapper::EmbeddedParserDecorator::parse]
jars/NEQ3/tika-core-1.21.jar	jars/NEQ3/tika-core-1.22.jar	/org/apache/tika/parser/RecursiveParserWrapper.class	/org/apache/tika/parser/RecursiveParserWrapper.class	CVE-2019-10088	GHSA-mfwh-gqx8-c787	org.apache.tika:tika-core	1.21	1.22	https://github.com/apache/tika	426be73b9e7500fa3d441231fa4e473de34743f6	[RecursiveParserWrapper::parse]
jars/NEQ3/c3p0-0.9.5.3.jar	jars/NEQ3/c3p0-0.9.5.4.jar	/com/mchange/v2/c3p0/cfg/C3P0ConfigXmlUtils.class	/com/mchange/v2/c3p0/cfg/C3P0ConfigXmlUtils.class	CVE-2019-5427	GHSA-84p2-vf58-xhxv	com.mchange:c3p0	0.9.5.3	0.9.5.4	https://github.com/swaldman/c3p0	f38f27635c384806c2a9d6500d80183d9f09d78b	[C3P0ConfigXmlUtils::extractXmlConfigFromInputStream, C3P0ConfigXmlUtils::extractXmlConfigFromDefaultResource, C3P0ConfigXmlUtils::extractXmlConfigFromDefaultResource, C3P0ConfigXmlUtils::attemptSetFeature, C3P0ConfigXmlUtils::extractXmlConfigFromInputStream, C3P0ConfigXmlUtils::cautionDocumentBuilderFactory]
jars/NEQ3/c3p0-0.9.5.3.jar	jars/NEQ3/c3p0-0.9.5.4.jar	/com/mchange/v2/c3p0/cfg/DefaultC3P0ConfigFinder.class	/com/mchange/v2/c3p0/cfg/DefaultC3P0ConfigFinder.class	CVE-2019-5427	GHSA-84p2-vf58-xhxv	com.mchange:c3p0	0.9.5.3	0.9.5.4	https://github.com/swaldman/c3p0	f38f27635c384806c2a9d6500d80183d9f09d78b	[DefaultC3P0ConfigFinder::findExpandEntityReferences, DefaultC3P0ConfigFinder::findConfig, DefaultC3P0ConfigFinder::findUsePermissiveParser, DefaultC3P0ConfigFinder::affirmativelyTrue]
jars/NEQ3/checkstyle-8.17.jar	jars/NEQ3/checkstyle-8.18.jar	/com/puppycrawl/tools/checkstyle/XmlLoader.class	/com/puppycrawl/tools/checkstyle/XmlLoader.class	CVE-2019-9658	GHSA-gp32-7h29-rpxm	com.puppycrawl.tools:checkstyle	8.17	8.18	https://github.com/checkstyle/checkstyle	180b4fe37a2249d4489d584505f2b7b3ab162ec6	[XmlLoader::XmlLoader]
jars/NEQ3/commons-compress-1.15.jar	jars/NEQ3/commons-compress-1.16.jar	/org/apache/commons/compress/archivers/zip/X0017_StrongEncryptionHeader.class	/org/apache/commons/compress/archivers/zip/X0017_StrongEncryptionHeader.class	CVE-2018-1324	GHSA-h436-432x-8fvx	org.apache.commons:commons-compress	1.15	1.16	https://github.com/apache/commons-compress	2a2f1dc48e22a34ddb72321a4db211da91aa933b	[X0017_StrongEncryptionHeader::parseCentralDirectoryFormat]
jars/NEQ3/org.eclipse.paho.client.mqttv3-1.2.0.jar	jars/NEQ3/org.eclipse.paho.client.mqttv3-1.2.1.jar	/org/eclipse/paho/client/mqttv3/internal/SSLNetworkModule.class	/org/eclipse/paho/client/mqttv3/internal/SSLNetworkModule.class	CVE-2019-11777	GHSA-63qc-p2x4-9fgf	org.eclipse.paho:org.eclipse.paho.client.mqttv3	1.2.0	1.2.1	https://github.com/eclipse/paho.mqtt.java	a0bbf1e7da158ae191582f032343c6171e6a0b44	[SSLNetworkModule::start]
jars/NEQ3/tapestry-core-5.4.4.jar	jars/NEQ3/tapestry-core-5.4.5.jar	/org/apache/tapestry5/internal/services/ClientDataEncoderImpl.class	/org/apache/tapestry5/internal/services/ClientDataEncoderImpl.class	CVE-2019-10071	GHSA-fgmr-vx7c-5wj6	org.apache.tapestry:tapestry-core	5.4.4	5.4.5	https://gitbox.apache.org/repos/asf/tapestry-5	cdcf49c0a2b36ffc7a004d54405bb4357870c4b2	[ClientDataEncoderImpl::validateHMAC]
jars/NEQ3/mpxj-8.1.3.jar	jars/NEQ3/mpxj-8.1.4.jar	/net/sf/mpxj/conceptdraw/ConceptDrawProjectReader.class	/net/sf/mpxj/conceptdraw/ConceptDrawProjectReader.class	CVE-2020-25020	GHSA-wcp5-m52f-mhh5	net.sf.mpxj:mpxj	8.1.3	8.1.4	https://github.com/joniles/mpxj	0d830e8cbe5213968abb1bcb1c816ca2ee00aa53	[ConceptDrawProjectReader::read]
jars/NEQ3/mpxj-8.1.3.jar	jars/NEQ3/mpxj-8.1.4.jar	/net/sf/mpxj/ganttdesigner/GanttDesignerReader.class	/net/sf/mpxj/ganttdesigner/GanttDesignerReader.class	CVE-2020-25020	GHSA-wcp5-m52f-mhh5	net.sf.mpxj:mpxj	8.1.3	8.1.4	https://github.com/joniles/mpxj	0d830e8cbe5213968abb1bcb1c816ca2ee00aa53	[GanttDesignerReader::read]
jars/NEQ3/mpxj-8.1.3.jar	jars/NEQ3/mpxj-8.1.4.jar	/net/sf/mpxj/ganttproject/GanttProjectReader.class	/net/sf/mpxj/ganttproject/GanttProjectReader.class	CVE-2020-25020	GHSA-wcp5-m52f-mhh5	net.sf.mpxj:mpxj	8.1.3	8.1.4	https://github.com/joniles/mpxj	0d830e8cbe5213968abb1bcb1c816ca2ee00aa53	[GanttProjectReader::read]
jars/NEQ3/mpxj-8.1.3.jar	jars/NEQ3/mpxj-8.1.4.jar	/net/sf/mpxj/mspdi/MSPDIReader.class	/net/sf/mpxj/mspdi/MSPDIReader.class	CVE-2020-25020	GHSA-wcp5-m52f-mhh5	net.sf.mpxj:mpxj	8.1.3	8.1.4	https://github.com/joniles/mpxj	0d830e8cbe5213968abb1bcb1c816ca2ee00aa53	[MSPDIReader::read]
jars/NEQ3/mpxj-8.1.3.jar	jars/NEQ3/mpxj-8.1.4.jar	/net/sf/mpxj/phoenix/PhoenixReader.class	/net/sf/mpxj/phoenix/PhoenixReader.class	CVE-2020-25020	GHSA-wcp5-m52f-mhh5	net.sf.mpxj:mpxj	8.1.3	8.1.4	https://github.com/joniles/mpxj	0d830e8cbe5213968abb1bcb1c816ca2ee00aa53	[PhoenixReader::read]
jars/NEQ3/mpxj-8.1.3.jar	jars/NEQ3/mpxj-8.1.4.jar	/net/sf/mpxj/planner/PlannerReader.class	/net/sf/mpxj/planner/PlannerReader.class	CVE-2020-25020	GHSA-wcp5-m52f-mhh5	net.sf.mpxj:mpxj	8.1.3	8.1.4	https://github.com/joniles/mpxj	0d830e8cbe5213968abb1bcb1c816ca2ee00aa53	[PlannerReader::read]
jars/NEQ3/mpxj-8.1.3.jar	jars/NEQ3/mpxj-8.1.4.jar	/net/sf/mpxj/primavera/PrimaveraPMFileReader.class	/net/sf/mpxj/primavera/PrimaveraPMFileReader.class	CVE-2020-25020	GHSA-wcp5-m52f-mhh5	net.sf.mpxj:mpxj	8.1.3	8.1.4	https://github.com/joniles/mpxj	0d830e8cbe5213968abb1bcb1c816ca2ee00aa53	[PrimaveraPMFileReader::processFile]
jars/NEQ3/spring-boot-actuator-logview-0.2.12.jar	jars/NEQ3/spring-boot-actuator-logview-0.2.13.jar	/eu/hinsch/spring/boot/actuator/logview/LogViewEndpoint.class	/eu/hinsch/spring/boot/actuator/logview/LogViewEndpoint.class	CVE-2021-21234	GHSA-p4q6-qxjx-8jgp	eu.hinsch:spring-boot-actuator-logview	0.2.12	0.2.13	https://github.com/lukashinsch/spring-boot-actuator-logview	760acbb939a8d1f7d1a7dfcd51ca848eea04e772	[LogViewEndpoint::securityCheck, LogViewEndpoint::view, LogViewEndpoint::list, LogViewEndpoint::securityCheck]
jars/NEQ3/commons-io-2.6.jar	jars/NEQ3/commons-io-2.7.jar	/org/apache/commons/io/FilenameUtils.class	/org/apache/commons/io/FilenameUtils.class	CVE-2021-29425	GHSA-gwrp-pvrq-jmwv	commons-io:commons-io	2.6	2.7	https://github.com/apache/commons-io	2736b6fe0b3fa22ec8e2b4184897ecadb021fc78	[FilenameUtils::isIPv4Address, FilenameUtils::isValidHostName, FilenameUtils::getPrefixLength, FilenameUtils::isIPv6Address, FilenameUtils::isRFC3986HostName]
jars/NEQ3/primefaces-5.3.jar	jars/NEQ3/primefaces-6.0.jar	/org/primefaces/application/resource/StreamedContentHandler.class	/org/primefaces/application/resource/StreamedContentHandler.class	CVE-2017-1000486	GHSA-j239-4gqg-5j54	org.primefaces:primefaces	5.3	6.0	https://github.com/primefaces/primefaces	26e44eb7962cbdb6aa2f47eca0f230f3274358f0	[StreamedContentHandler::handle]
jars/NEQ3/primefaces-5.3.jar	jars/NEQ3/primefaces-6.0.jar	/org/primefaces/util/DynamicResourceBuilder.class	/org/primefaces/util/DynamicResourceBuilder.class	CVE-2017-1000486	GHSA-j239-4gqg-5j54	org.primefaces:primefaces	5.3	6.0	https://github.com/primefaces/primefaces	26e44eb7962cbdb6aa2f47eca0f230f3274358f0	[DynamicResourceBuilder::build]
jars/NEQ3/tika-server-1.9.jar	jars/NEQ3/tika-server-1.10.jar	/org/apache/tika/server/resource/MetadataResource.class	/org/apache/tika/server/resource/MetadataResource.class	CVE-2015-3271	GHSA-ccjp-w723-2jf2	org.apache.tika:tika-server	1.9	1.10	https://github.com/apache/tika	98672cdd92b6325ff78c763955a7c045b364095b	[MetadataResource::getMetadata, MetadataResource::getMetadataField]
jars/NEQ3/tika-server-1.9.jar	jars/NEQ3/tika-server-1.10.jar	/org/apache/tika/server/resource/RecursiveMetadataResource.class	/org/apache/tika/server/resource/RecursiveMetadataResource.class	CVE-2015-3271	GHSA-ccjp-w723-2jf2	org.apache.tika:tika-server	1.9	1.10	https://github.com/apache/tika	98672cdd92b6325ff78c763955a7c045b364095b	[RecursiveMetadataResource::getMetadata]
jars/NEQ3/tika-server-1.9.jar	jars/NEQ3/tika-server-1.10.jar	/org/apache/tika/server/resource/TikaResource.class	/org/apache/tika/server/resource/TikaResource.class	CVE-2015-3271	GHSA-ccjp-w723-2jf2	org.apache.tika:tika-server	1.9	1.10	https://github.com/apache/tika	98672cdd92b6325ff78c763955a7c045b364095b	[TikaResource::getText]
jars/NEQ3/tika-server-1.9.jar	jars/NEQ3/tika-server-1.10.jar	/org/apache/tika/server/resource/UnpackerResource.class	/org/apache/tika/server/resource/UnpackerResource.class	CVE-2015-3271	GHSA-ccjp-w723-2jf2	org.apache.tika:tika-server	1.9	1.10	https://github.com/apache/tika	98672cdd92b6325ff78c763955a7c045b364095b	[UnpackerResource::process]
jars/NEQ3/vertx-web-3.5.3.jar	jars/NEQ3/vertx-web-3.5.4.jar	/io/vertx/ext/web/handler/impl/StaticHandlerImpl.class	/io/vertx/ext/web/handler/impl/StaticHandlerImpl.class	CVE-2018-12542	GHSA-h39x-m55c-v55h	io.vertx:vertx-web	3.5.3	3.5.4	https://github.com/vert-x3/vertx-web	57a65dce6f4c5aa5e3ce7288685e7f3447eb8f3b	[StaticHandlerImpl::handle]
jars/NEQ3/tika-core-1.19.jar	jars/NEQ3/tika-core-1.19.1.jar	/org/apache/tika/utils/XMLReaderUtils.class	/org/apache/tika/utils/XMLReaderUtils.class	CVE-2018-11761	GHSA-6jq2-789q-fff2	org.apache.tika:tika-core	1.19	1.19.1	https://github.com/apache/tika	4e67928412ad56333d400f3728ecdb59d07d9d63	[XMLReaderUtils::trySetXercesSecurityManager, XMLReaderUtils::determineMaxEntityExpansions, XMLReaderUtils::trySetStaxSecurityManager, XMLReaderUtils::setMaxEntityExpansions, XMLReaderUtils::trySetXercesSecurityManager]
jars/NEQ3/async-http-client-2.0.34.jar	jars/NEQ3/async-http-client-2.0.35.jar	/org/asynchttpclient/uri/UriParser.class	/org/asynchttpclient/uri/UriParser.class	CVE-2017-14063	GHSA-93jq-624g-4p9p	org.asynchttpclient:async-http-client	2.0.34	2.0.35	https://github.com/AsyncHttpClient/async-http-client	eb9e3347e45319be494db24d285a2aee4396f5d3	[UriParser::computeIPV6, UriParser::trimFragment, UriParser::removeTailing2Dots, UriParser::computeUserInfo, UriParser::computeInitialScheme, UriParser::computeAuthority, UriParser::parseAuthority, UriParser::removeEmbedded2Dots, UriParser::overrideWithContext, UriParser::removeTrailingDot, UriParser::computeInitialScheme, UriParser::isFragmentOnly, UriParser::isFragmentOnly, UriParser::inheritContextQuery, UriParser::computeQuery, UriParser::trimLeft, UriParser::computeFragment, UriParser::parse, UriParser::splitUrlAndQuery, UriParser::findWithinCurrentRange, UriParser::overrideWithContext, UriParser::trimRight, UriParser::currentPositionStartsWith2Slashes, UriParser::isValidProtocolChars, UriParser::computePath, UriParser::trimRight, UriParser::computeRegularPath, UriParser::removeStartingDot, UriParser::trimLeft, UriParser::handleRelativePath, UriParser::currentPositionStartsWith4Slashes]
jars/NEQ3/antisamy-1.5.3.jar	jars/NEQ3/antisamy-1.5.5.jar	/org/owasp/validator/html/scan/MagicSAXFilter.class	/org/owasp/validator/html/scan/MagicSAXFilter.class	CVE-2016-10006	GHSA-683w-6h9j-57wq	org.owasp.antisamy:antisamy	1.5.3	1.5.5	https://github.com/nahsra/antisamy	7313931dc3c0d1377b010f07faef2063dd359a36	[MagicSAXFilter::startElement]
jars/NEQ3/struts2-core-2.5.10.1.jar	jars/NEQ3/struts2-core-2.5.12.jar	/com/opensymphony/xwork2/validator/validators/URLValidator.class	/com/opensymphony/xwork2/validator/validators/URLValidator.class	CVE-2017-7672	GHSA-9gp7-jvm2-r4mx	org.apache.struts:struts2-core	2.5.10.1	2.5.12	https://github.com/apache/struts	931df54ab379bf4eb5a625bf05066b8563c3737b	[URLValidator::setUrlRegex, URLValidator::validate, URLValidator::getUrlPattern, URLValidator::getUrlRegex]
jars/NEQ3/activemq-client-5.15.5.jar	jars/NEQ3/activemq-client-5.15.6.jar	/org/apache/activemq/transport/nio/NIOSSLTransport.class	/org/apache/activemq/transport/nio/NIOSSLTransport.class	CVE-2018-11775	GHSA-m9w8-v359-9ffr	org.apache.activemq:activemq-client	5.15.5	5.15.6	https://github.com/apache/activemq	bde7097fb8173cf871827df7811b3865679b963d	[NIOSSLTransport::isVerifyHostName, NIOSSLTransport::initializeStreams, NIOSSLTransport::setVerifyHostName]
jars/NEQ3/activemq-client-5.15.5.jar	jars/NEQ3/activemq-client-5.15.6.jar	/org/apache/activemq/transport/tcp/SslTransport.class	/org/apache/activemq/transport/tcp/SslTransport.class	CVE-2018-11775	GHSA-m9w8-v359-9ffr	org.apache.activemq:activemq-client	5.15.5	5.15.6	https://github.com/apache/activemq	bde7097fb8173cf871827df7811b3865679b963d	[SslTransport::initialiseSocket, SslTransport::setVerifyHostName]
jars/NEQ3/activemq-client-5.15.5.jar	jars/NEQ3/activemq-client-5.15.6.jar	/org/apache/activemq/transport/tcp/TcpTransportServer.class	/org/apache/activemq/transport/tcp/TcpTransportServer.class	CVE-2018-11775	GHSA-m9w8-v359-9ffr	org.apache.activemq:activemq-client	5.15.5	5.15.6	https://github.com/apache/activemq	bde7097fb8173cf871827df7811b3865679b963d	[TcpTransportServer::configureServerSocket]
jars/NEQ3/commons-compress-1.17.jar	jars/NEQ3/commons-compress-1.18.jar	/org/apache/commons/compress/archivers/zip/ZipArchiveInputStream.class	/org/apache/commons/compress/archivers/zip/ZipArchiveInputStream.class	CVE-2018-11771	GHSA-hrmr-f5m6-m9pq	org.apache.commons:commons-compress	1.17	1.18	https://github.com/apache/commons-compress	a41ce6892cb0590b2e658704434ac0dbcb6834c8	[ZipArchiveInputStream::readStored]
jars/NEQ3/vertx-core-3.5.3.jar	jars/NEQ3/vertx-core-3.5.4.jar	/io/vertx/core/http/impl/HttpServerImpl$ServerHandlerWithWebSockets.class	/io/vertx/core/http/impl/HttpServerImpl$ServerHandlerWithWebSockets.class	CVE-2018-12541	GHSA-45xm-v8gq-7jqx	io.vertx:vertx-core	3.5.3	3.5.4	https://github.com/eclipse-vertx/vert.x	269a583330695d1418a4f5578f7169350b2e1332	[HttpServerImpl::ServerHandlerWithWebSockets::handleMessage]
jars/NEQ3/jackson-dataformat-xml-2.7.3.jar	jars/NEQ3/jackson-dataformat-xml-2.7.4.jar	/com/fasterxml/jackson/dataformat/xml/XmlFactory.class	/com/fasterxml/jackson/dataformat/xml/XmlFactory.class	CVE-2016-3720	GHSA-hmq6-frv3-4727	com.fasterxml.jackson.dataformat:jackson-dataformat-xml	2.7.3	2.7.4	https://github.com/FasterXML/jackson-dataformat-xml	f0f19a4c924d9db9a1e2830434061c8640092cc0	[XmlFactory::XmlFactory]
jars/NEQ3/junrar-1.0.0.jar	jars/NEQ3/junrar-1.0.1.jar	/com/github/junrar/Archive.class	/com/github/junrar/Archive.class	CVE-2018-12418	GHSA-5xqr-grq4-qwgx	com.github.junrar:junrar	1.0.0	1.0.1	https://github.com/junrar/junrar	ad8d0ba8e155630da8a1215cee3f253e0af45817	[Archive::readHeaders, Archive::safelyAllocate]
jars/NEQ3/androidsvg-1.2.2-beta-1.jar	jars/NEQ3/androidsvg-1.3.jar	/com/caverock/androidsvg/SVGParser.class	/com/caverock/androidsvg/SVGParser.class	CVE-2017-1000498	GHSA-g556-x5vx-qh59	com.caverock:androidsvg	1.2.2-beta-1	1.3	https://github.com/BigBadaboom/androidsvg	44e4fbf1d0f6db295df34601972741d4cf706cbd	[SVGParser::parseUsingXmlPullParser, SVGParser::parseUsingSAX, SVGParser::parseUsingXmlPullParser, SVGParser::parse]
jars/NEQ3/javamelody-core-1.73.1.jar	jars/NEQ3/javamelody-core-1.74.0.jar	/net/bull/javamelody/PayloadNameRequestWrapper.class	/net/bull/javamelody/PayloadNameRequestWrapper.class	CVE-2018-15531	GHSA-6fvx-r7hx-3vh6	net.bull.javamelody:javamelody-core	1.73.1	1.74.0	https://github.com/javamelody/javamelody	ef111822562d0b9365bd3e671a75b65bd0613353	[PayloadNameRequestWrapper::parseSoapMethodName]
jars/NEQ3/nifi-framework-cluster-1.7.1.jar	jars/NEQ3/nifi-framework-cluster-1.8.0.jar	/org/apache/nifi/cluster/coordination/http/replication/okhttp/OkHttpReplicationClient.class	/org/apache/nifi/cluster/coordination/http/replication/okhttp/OkHttpReplicationClient.class	CVE-2018-17194	GHSA-43fp-vwwg-qgv6	org.apache.nifi:nifi-framework-cluster	1.7.1	1.8.0	https://github.com/apache/nifi	748cf745628dab20b7e71f12b5dcfe6ed0bbf134	[OkHttpReplicationClient::serializeEntity, OkHttpReplicationClient::isUseGzip, OkHttpReplicationClient::buildUrl, OkHttpReplicationClient::prepareRequest, OkHttpReplicationClient::checkContentLengthHeader, OkHttpReplicationClient::getResponseBytes]
jars/NEQ3/retrofit-2.4.0.jar	jars/NEQ3/retrofit-2.5.0.jar	/retrofit2/RequestBuilder.class	/retrofit2/RequestBuilder.class	CVE-2018-1000850	GHSA-8p8g-f9vg-r7xr	com.squareup.retrofit2:retrofit	2.4.0	2.5.0	https://github.com/square/retrofit	b9a7f6ad72073ddd40254c0058710e87a073047d	[RequestBuilder::addPathParam]
jars/NEQ3/apoc-3.4.0.3.jar	jars/NEQ3/apoc-3.4.0.4.jar	/apoc/load/Xml.class	/apoc/load/Xml.class	CVE-2018-1000820	GHSA-r2pp-x4mm-4999	org.neo4j.procedure:apoc	3.4.0.3	3.4.0.4	https://github.com/neo4j-contrib/neo4j-apoc-procedures	45bc09c8bd7f17283e2a7e85ce3f02cb4be4fd1a	[Xml::xmlXpathToMapResult]
jars/NEQ3/oozie-core-5.0.0.jar	jars/NEQ3/oozie-core-5.1.0.jar	/org/apache/oozie/action/hadoop/LauncherConfigurationInjector.class	/org/apache/oozie/action/hadoop/LauncherConfigurationInjector.class	CVE-2018-11799	GHSA-wg5w-vv93-3f7w	org.apache.oozie:oozie-core	5.0.0	5.1.0	https://github.com/apache/oozie	d50df341432df1049c6c85bf2dcda9eb0be04d73	[LauncherConfigurationInjector::copyToLauncherConf, LauncherConfigurationInjector::inject]
jars/NEQ3/oozie-core-5.0.0.jar	jars/NEQ3/oozie-core-5.1.0.jar	/org/apache/oozie/action/oozie/SubWorkflowActionExecutor.class	/org/apache/oozie/action/oozie/SubWorkflowActionExecutor.class	CVE-2018-11799	GHSA-wg5w-vv93-3f7w	org.apache.oozie:oozie-core	5.0.0	5.1.0	https://github.com/apache/oozie	d50df341432df1049c6c85bf2dcda9eb0be04d73	[SubWorkflowActionExecutor::injectInline]
jars/NEQ3/oozie-core-5.0.0.jar	jars/NEQ3/oozie-core-5.1.0.jar	/org/apache/oozie/command/bundle/BundleStartXCommand.class	/org/apache/oozie/command/bundle/BundleStartXCommand.class	CVE-2018-11799	GHSA-wg5w-vv93-3f7w	org.apache.oozie:oozie-core	5.0.0	5.1.0	https://github.com/apache/oozie	d50df341432df1049c6c85bf2dcda9eb0be04d73	[BundleStartXCommand::mergeConfig]
jars/NEQ3/oozie-core-5.0.0.jar	jars/NEQ3/oozie-core-5.1.0.jar	/org/apache/oozie/command/bundle/BundleSubmitXCommand.class	/org/apache/oozie/command/bundle/BundleSubmitXCommand.class	CVE-2018-11799	GHSA-wg5w-vv93-3f7w	org.apache.oozie:oozie-core	5.0.0	5.1.0	https://github.com/apache/oozie	d50df341432df1049c6c85bf2dcda9eb0be04d73	[BundleSubmitXCommand::mergeDefaultConfig]
jars/NEQ3/oozie-core-5.0.0.jar	jars/NEQ3/oozie-core-5.1.0.jar	/org/apache/oozie/command/coord/CoordActionStartXCommand.class	/org/apache/oozie/command/coord/CoordActionStartXCommand.class	CVE-2018-11799	GHSA-wg5w-vv93-3f7w	org.apache.oozie:oozie-core	5.0.0	5.1.0	https://github.com/apache/oozie	d50df341432df1049c6c85bf2dcda9eb0be04d73	[CoordActionStartXCommand::mergeConfig]
jars/NEQ3/oozie-core-5.0.0.jar	jars/NEQ3/oozie-core-5.1.0.jar	/org/apache/oozie/command/coord/CoordSubmitXCommand.class	/org/apache/oozie/command/coord/CoordSubmitXCommand.class	CVE-2018-11799	GHSA-wg5w-vv93-3f7w	org.apache.oozie:oozie-core	5.0.0	5.1.0	https://github.com/apache/oozie	d50df341432df1049c6c85bf2dcda9eb0be04d73	[CoordSubmitXCommand::mergeDefaultConfig]
jars/NEQ3/oozie-core-5.0.0.jar	jars/NEQ3/oozie-core-5.1.0.jar	/org/apache/oozie/command/coord/CoordUpdateXCommand.class	/org/apache/oozie/command/coord/CoordUpdateXCommand.class	CVE-2018-11799	GHSA-wg5w-vv93-3f7w	org.apache.oozie:oozie-core	5.0.0	5.1.0	https://github.com/apache/oozie	d50df341432df1049c6c85bf2dcda9eb0be04d73	[CoordUpdateXCommand::storeToDB]
jars/NEQ3/oozie-core-5.0.0.jar	jars/NEQ3/oozie-core-5.1.0.jar	/org/apache/oozie/command/wf/ReRunXCommand.class	/org/apache/oozie/command/wf/ReRunXCommand.class	CVE-2018-11799	GHSA-wg5w-vv93-3f7w	org.apache.oozie:oozie-core	5.0.0	5.1.0	https://github.com/apache/oozie	d50df341432df1049c6c85bf2dcda9eb0be04d73	[ReRunXCommand::setupReRun]
jars/NEQ3/oozie-core-5.0.0.jar	jars/NEQ3/oozie-core-5.1.0.jar	/org/apache/oozie/command/wf/SubmitHttpXCommand.class	/org/apache/oozie/command/wf/SubmitHttpXCommand.class	CVE-2018-11799	GHSA-wg5w-vv93-3f7w	org.apache.oozie:oozie-core	5.0.0	5.1.0	https://github.com/apache/oozie	d50df341432df1049c6c85bf2dcda9eb0be04d73	[SubmitHttpXCommand::execute]
jars/NEQ3/oozie-core-5.0.0.jar	jars/NEQ3/oozie-core-5.1.0.jar	/org/apache/oozie/command/wf/SubmitXCommand.class	/org/apache/oozie/command/wf/SubmitXCommand.class	CVE-2018-11799	GHSA-wg5w-vv93-3f7w	org.apache.oozie:oozie-core	5.0.0	5.1.0	https://github.com/apache/oozie	d50df341432df1049c6c85bf2dcda9eb0be04d73	[SubmitXCommand::execute]
jars/NEQ3/oozie-core-5.0.0.jar	jars/NEQ3/oozie-core-5.1.0.jar	/org/apache/oozie/servlet/V1JobsServlet.class	/org/apache/oozie/servlet/V1JobsServlet.class	CVE-2018-11799	GHSA-wg5w-vv93-3f7w	org.apache.oozie:oozie-core	5.0.0	5.1.0	https://github.com/apache/oozie	d50df341432df1049c6c85bf2dcda9eb0be04d73	[V1JobsServlet::submitJob]
jars/NEQ3/oozie-core-5.0.0.jar	jars/NEQ3/oozie-core-5.1.0.jar	/org/apache/oozie/util/ConfigUtils.class	/org/apache/oozie/util/ConfigUtils.class	CVE-2018-11799	GHSA-wg5w-vv93-3f7w	org.apache.oozie:oozie-core	5.0.0	5.1.0	https://github.com/apache/oozie	d50df341432df1049c6c85bf2dcda9eb0be04d73	[ConfigUtils::checkAndSetConfigValue, ConfigUtils::checkAndSetDisallowedProperties]
jars/NEQ3/oozie-core-5.0.0.jar	jars/NEQ3/oozie-core-5.1.0.jar	/org/apache/oozie/util/PropertiesUtils.class	/org/apache/oozie/util/PropertiesUtils.class	CVE-2018-11799	GHSA-wg5w-vv93-3f7w	org.apache.oozie:oozie-core	5.0.0	5.1.0	https://github.com/apache/oozie	d50df341432df1049c6c85bf2dcda9eb0be04d73	[PropertiesUtils::checkDefaultDisallowedProperties]
jars/NEQ3/tika-parsers-1.19.1.jar	jars/NEQ3/tika-parsers-1.20.jar	/org/apache/tika/parser/jdbc/AbstractDBParser.class	/org/apache/tika/parser/jdbc/AbstractDBParser.class	CVE-2018-17197	GHSA-3448-vfvv-xp9g	org.apache.tika:tika-parsers	1.19.1	1.20	https://github.com/apache/tika	0c49c851979163334ea05cbebdd11ff87feba62d	[AbstractDBParser::parse]
jars/NEQ3/tika-parsers-1.19.1.jar	jars/NEQ3/tika-parsers-1.20.jar	/org/apache/tika/parser/jdbc/JDBCTableReader.class	/org/apache/tika/parser/jdbc/JDBCTableReader.class	CVE-2018-17197	GHSA-3448-vfvv-xp9g	org.apache.tika:tika-parsers	1.19.1	1.20	https://github.com/apache/tika	0c49c851979163334ea05cbebdd11ff87feba62d	[JDBCTableReader::JDBCTableReader, JDBCTableReader::JDBCTableReader]
jars/NEQ3/tika-parsers-1.19.1.jar	jars/NEQ3/tika-parsers-1.20.jar	/org/apache/tika/parser/jdbc/SQLite3DBParser.class	/org/apache/tika/parser/jdbc/SQLite3DBParser.class	CVE-2018-17197	GHSA-3448-vfvv-xp9g	org.apache.tika:tika-parsers	1.19.1	1.20	https://github.com/apache/tika	0c49c851979163334ea05cbebdd11ff87feba62d	[SQLite3DBParser::getTableReader, SQLite3DBParser::getTableReader]
jars/NEQ3/tika-parsers-1.19.1.jar	jars/NEQ3/tika-parsers-1.20.jar	/org/apache/tika/parser/jdbc/SQLite3TableReader.class	/org/apache/tika/parser/jdbc/SQLite3TableReader.class	CVE-2018-17197	GHSA-3448-vfvv-xp9g	org.apache.tika:tika-parsers	1.19.1	1.20	https://github.com/apache/tika	0c49c851979163334ea05cbebdd11ff87feba62d	[SQLite3TableReader::SQLite3TableReader, SQLite3TableReader::SQLite3TableReader]
jars/NEQ3/proton-j-0.29.0.jar	jars/NEQ3/proton-j-0.30.0.jar	/org/apache/qpid/proton/engine/impl/ssl/SimpleSslTransportWrapper.class	/org/apache/qpid/proton/engine/impl/ssl/SimpleSslTransportWrapper.class	CVE-2018-17187	GHSA-xvch-r4wf-h8w9	org.apache.qpid:proton-j	0.29.0	0.30.0	https://github.com/apache/qpid-proton-j	0cb8ca03cec42120dcfc434561592d89a89a805e	[SimpleSslTransportWrapper::process]
jars/NEQ3/proton-j-0.29.0.jar	jars/NEQ3/proton-j-0.30.0.jar	/org/apache/qpid/proton/engine/impl/ssl/SslDomainImpl.class	/org/apache/qpid/proton/engine/impl/ssl/SslDomainImpl.class	CVE-2018-17187	GHSA-xvch-r4wf-h8w9	org.apache.qpid:proton-j	0.29.0	0.30.0	https://github.com/apache/qpid-proton-j	0cb8ca03cec42120dcfc434561592d89a89a805e	[SslDomainImpl::setPeerAuthentication, SslDomainImpl::getPeerAuthentication]
jars/NEQ3/proton-j-0.29.0.jar	jars/NEQ3/proton-j-0.30.0.jar	/org/apache/qpid/proton/engine/impl/ssl/SslEngineFacadeFactory.class	/org/apache/qpid/proton/engine/impl/ssl/SslEngineFacadeFactory.class	CVE-2018-17187	GHSA-xvch-r4wf-h8w9	org.apache.qpid:proton-j	0.29.0	0.30.0	https://github.com/apache/qpid-proton-j	0cb8ca03cec42120dcfc434561592d89a89a805e	[SslEngineFacadeFactory::createAndInitialiseSslEngine]
jars/NEQ3/proton-j-0.29.0.jar	jars/NEQ3/proton-j-0.30.0.jar	/org/apache/qpid/proton/engine/impl/ssl/SslImpl.class	/org/apache/qpid/proton/engine/impl/ssl/SslImpl.class	CVE-2018-17187	GHSA-xvch-r4wf-h8w9	org.apache.qpid:proton-j	0.29.0	0.30.0	https://github.com/apache/qpid-proton-j	0cb8ca03cec42120dcfc434561592d89a89a805e	[SslImpl::SslImpl]
jars/NEQ3/proton-j-0.29.0.jar	jars/NEQ3/proton-j-0.30.0.jar	/org/apache/qpid/proton/reactor/impl/IOHandler.class	/org/apache/qpid/proton/reactor/impl/IOHandler.class	CVE-2018-17187	GHSA-xvch-r4wf-h8w9	org.apache.qpid:proton-j	0.29.0	0.30.0	https://github.com/apache/qpid-proton-j	0cb8ca03cec42120dcfc434561592d89a89a805e	[IOHandler::Callback]
jars/NEQ3/Java-WebSocket-1.4.1.jar	jars/NEQ3/Java-WebSocket-1.5.0.jar	/org/java_websocket/client/WebSocketClient.class	/org/java_websocket/client/WebSocketClient.class	CVE-2020-11050	GHSA-gw55-jm4h-x339	org.java-websocket:Java-WebSocket	1.4.1	1.5.0	https://github.com/TooTallNate/Java-WebSocket	2dbe2d3c4a3ba63a0132a256ccefbfceb69531c9	[WebSocketClient::run, WebSocketClient::onSetSSLParameters]
jars/NEQ3/commons-configuration2-2.6.jar	jars/NEQ3/commons-configuration2-2.7.jar	/org/apache/commons/configuration2/YAMLConfiguration.class	/org/apache/commons/configuration2/YAMLConfiguration.class	CVE-2020-1953	GHSA-7qx4-pp76-vrqh	org.apache.commons:commons-configuration2	2.6	2.7	https://github.com/apache/commons-configuration	add7375cf37fd316d4838c6c56b054fc293b4641	[YAMLConfiguration::read, YAMLConfiguration::createClassLoadingDisablingConstructor, YAMLConfiguration::read, YAMLConfiguration::read, YAMLConfiguration::read, YAMLConfiguration::createYamlForReading]
jars/NEQ3/beam-sdks-java-io-mongodb-2.16.0.jar	jars/NEQ3/beam-sdks-java-io-mongodb-2.17.0.jar	/org/apache/beam/sdk/io/mongodb/MongoDbIO.class	/org/apache/beam/sdk/io/mongodb/MongoDbIO.class	CVE-2020-1929	GHSA-2m7g-9q74-9m3q	org.apache.beam:beam-sdks-java-io-mongodb	2.16.0	2.17.0	https://github.com/apache/beam	a7dd23d95d2d214b4110781b5a28802bd43b834b	[MongoDbIO::getOptions, MongoDbIO::getOptions]
jars/NEQ3/beam-sdks-java-io-mongodb-2.16.0.jar	jars/NEQ3/beam-sdks-java-io-mongodb-2.17.0.jar	/org/apache/beam/sdk/io/mongodb/MongoDbIO$BoundedMongoDbSource.class	/org/apache/beam/sdk/io/mongodb/MongoDbIO$BoundedMongoDbSource.class	CVE-2020-1929	GHSA-2m7g-9q74-9m3q	org.apache.beam:beam-sdks-java-io-mongodb	2.16.0	2.17.0	https://github.com/apache/beam	a7dd23d95d2d214b4110781b5a28802bd43b834b	[MongoDbIO::BoundedMongoDbSource::getEstimatedSizeBytes, MongoDbIO::BoundedMongoDbSource::split]
jars/NEQ3/beam-sdks-java-io-mongodb-2.16.0.jar	jars/NEQ3/beam-sdks-java-io-mongodb-2.17.0.jar	/org/apache/beam/sdk/io/mongodb/MongoDbIO$Write$WriteFn.class	/org/apache/beam/sdk/io/mongodb/MongoDbIO$Write$WriteFn.class	CVE-2020-1929	GHSA-2m7g-9q74-9m3q	org.apache.beam:beam-sdks-java-io-mongodb	2.16.0	2.17.0	https://github.com/apache/beam	a7dd23d95d2d214b4110781b5a28802bd43b834b	[MongoDbIO::Write::WriteFn::createMongoClient]
jars/NEQ3/beam-sdks-java-io-mongodb-2.16.0.jar	jars/NEQ3/beam-sdks-java-io-mongodb-2.17.0.jar	/org/apache/beam/sdk/io/mongodb/MongoDbIO$BoundedMongoDbReader.class	/org/apache/beam/sdk/io/mongodb/MongoDbIO$BoundedMongoDbReader.class	CVE-2020-1929	GHSA-2m7g-9q74-9m3q	org.apache.beam:beam-sdks-java-io-mongodb	2.16.0	2.17.0	https://github.com/apache/beam	a7dd23d95d2d214b4110781b5a28802bd43b834b	[MongoDbIO::BoundedMongoDbReader::createClient]
jars/NEQ3/beam-sdks-java-io-mongodb-2.16.0.jar	jars/NEQ3/beam-sdks-java-io-mongodb-2.17.0.jar	/org/apache/beam/sdk/io/mongodb/SSLUtils.class	/org/apache/beam/sdk/io/mongodb/SSLUtils.class	CVE-2020-1929	GHSA-2m7g-9q74-9m3q	org.apache.beam:beam-sdks-java-io-mongodb	2.16.0	2.17.0	https://github.com/apache/beam	a7dd23d95d2d214b4110781b5a28802bd43b834b	[SSLUtils::ignoreSSLCertificate]
jars/NEQ3/tink-1.4.0.jar	jars/NEQ3/tink-1.5.0.jar	/com/google/crypto/tink/PrimitiveSet.class	/com/google/crypto/tink/PrimitiveSet.class	CVE-2020-8929	GHSA-g5vf-v6wf-7w2r	com.google.crypto.tink:tink	1.4.0	1.5.0	https://github.com/google/tink	93d839a5865b9d950dffdc9d0bc99b71280a8899	[PrimitiveSet::getPrimitive, PrimitiveSet::addPrimitive]
jars/NEQ3/junit-4.13.jar	jars/NEQ3/junit-4.13.1.jar	/org/junit/rules/TemporaryFolder.class	/org/junit/rules/TemporaryFolder.class	CVE-2020-15250	GHSA-269g-pwp5-87pp	junit:junit	4.13	4.13.1	https://github.com/junit-team/junit4	610155b8c22138329f0723eec22521627dbc52ae	[TemporaryFolder::createTemporaryFolderWithFileApi, TemporaryFolder::createTemporaryFolderIn, TemporaryFolder::createTemporaryFolderWithNioApi]
jars/NEQ3/xstream-1.4.14-jdk7.jar	jars/NEQ3/xstream-1.4.15.jar	/com/thoughtworks/xstream/XStream.class	/com/thoughtworks/xstream/XStream.class	CVE-2020-26259	GHSA-jfvx-7wrx-43fh	com.thoughtworks.xstream:xstream	1.4.14-jdk7	1.4.15	https://github.com/x-stream/xstream	0bcbf50126a62dfcd65f93a0da0c6d1ae92aa738	[XStream::setupSecurity]
jars/NEQ3/xstream-1.4.14-jdk7.jar	jars/NEQ3/xstream-1.4.15.jar	/com/thoughtworks/xstream/XStream.class	/com/thoughtworks/xstream/XStream.class	CVE-2020-26258	GHSA-4cch-wxpw-8p28	com.thoughtworks.xstream:xstream	1.4.14-jdk7	1.4.15	https://github.com/x-stream/xstream	6740c04b217aef02d44fba26402b35e0f6f493ce	[XStream::setupSecurity]
jars/NEQ3/mpxj-8.3.4.jar	jars/NEQ3/mpxj-8.3.5.jar	/net/sf/mpxj/common/InputStreamHelper.class	/net/sf/mpxj/common/InputStreamHelper.class	CVE-2020-35460	GHSA-p9j6-4pjr-gp48	net.sf.mpxj:mpxj	8.3.4	8.3.5	https://github.com/joniles/mpxj	8eaf4225048ea5ba7e59ef4556dab2098fcc4a1d	[InputStreamHelper::processZipStream]
jars/NEQ3/rocketmq-broker-4.6.0.jar	jars/NEQ3/rocketmq-broker-4.6.1.jar	/org/apache/rocketmq/broker/processor/AbstractSendMessageProcessor.class	/org/apache/rocketmq/broker/processor/AbstractSendMessageProcessor.class	CVE-2019-17572	GHSA-5x3v-2gxr-59m2	org.apache.rocketmq:rocketmq-broker	4.6.0	4.6.1	https://github.com/apache/rocketmq	f8f6fbe4aa7f5dee937e688322628c366b12a552	[AbstractSendMessageProcessor::msgCheck]
jars/NEQ3/rocketmq-broker-4.6.0.jar	jars/NEQ3/rocketmq-broker-4.6.1.jar	/org/apache/rocketmq/broker/processor/AdminBrokerProcessor.class	/org/apache/rocketmq/broker/processor/AdminBrokerProcessor.class	CVE-2019-17572	GHSA-5x3v-2gxr-59m2	org.apache.rocketmq:rocketmq-broker	4.6.0	4.6.1	https://github.com/apache/rocketmq	f8f6fbe4aa7f5dee937e688322628c366b12a552	[AdminBrokerProcessor::updateAndCreateTopic, AdminBrokerProcessor::updateAndCreateAccessConfig, AdminBrokerProcessor::updateGlobalWhiteAddrsConfig]
jars/NEQ3/rocketmq-broker-4.6.0.jar	jars/NEQ3/rocketmq-broker-4.6.1.jar	/org/apache/rocketmq/broker/topic/TopicConfigManager.class	/org/apache/rocketmq/broker/topic/TopicConfigManager.class	CVE-2019-17572	GHSA-5x3v-2gxr-59m2	org.apache.rocketmq:rocketmq-broker	4.6.0	4.6.1	https://github.com/apache/rocketmq	f8f6fbe4aa7f5dee937e688322628c366b12a552	[TopicConfigManager::isTopicCanSendMessage]
jars/NEQ3/quartz-2.3.1.jar	jars/NEQ3/quartz-2.3.2.jar	/org/quartz/xml/XMLSchedulingDataProcessor.class	/org/quartz/xml/XMLSchedulingDataProcessor.class	CVE-2019-13990	GHSA-9qcf-c26r-x5rf	org.quartz-scheduler:quartz	2.3.1	2.3.2	https://github.com/quartz-scheduler/quartz	a1395ba118df306c7fe67c24fb0c9a95a4473140	[XMLSchedulingDataProcessor::initDocumentParser]
jars/NEQ3/ratpack-core-1.7.5.jar	jars/NEQ3/ratpack-core-1.7.6.jar	/ratpack/error/internal/ErrorPageRenderer.class	/ratpack/error/internal/ErrorPageRenderer.class	CVE-2019-10770	GHSA-r2wf-q3x4-hrv9	io.ratpack:ratpack-core	1.7.5	1.7.6	https://github.com/ratpack/ratpack	a3cbb13be1527874528c3b99fc33517c0297b6d3	[ErrorPageRenderer::throwable]
jars/NEQ3/ratpack-core-1.7.5.jar	jars/NEQ3/ratpack-core-1.7.6.jar	/ratpack/error/internal/ErrorPageRenderer$BodyWriter.class	/ratpack/error/internal/ErrorPageRenderer$BodyWriter.class	CVE-2019-10770	GHSA-r2wf-q3x4-hrv9	io.ratpack:ratpack-core	1.7.5	1.7.6	https://github.com/ratpack/ratpack	a3cbb13be1527874528c3b99fc33517c0297b6d3	[ErrorPageRenderer::BodyWriter::escapeln]
jars/NEQ3/jetty-server-9.4.29.v20200521.jar	jars/NEQ3/jetty-server-9.4.30.v20200611.jar	/org/eclipse/jetty/server/HttpConnection$SendCallback.class	/org/eclipse/jetty/server/HttpConnection$SendCallback.class	CVE-2019-17638	GHSA-x3rh-m7vp-35f2	org.eclipse.jetty:jetty-server	9.4.29.v20200521	9.4.30.v20200611	https://github.com/eclipse/jetty.project	ff8ae56fa939c3477a0cdd1ff56ce3d902f08fba	[HttpConnection::SendCallback::releaseHeader, HttpConnection::SendCallback::release, HttpConnection::SendCallback::releaseChunk, HttpConnection::SendCallback::process]
jars/NEQ3/jetty-server-9.4.29.v20200521.jar	jars/NEQ3/jetty-server-9.4.30.v20200611.jar	/org/eclipse/jetty/server/HttpConnection.class	/org/eclipse/jetty/server/HttpConnection.class	CVE-2019-17638	GHSA-x3rh-m7vp-35f2	org.eclipse.jetty:jetty-server	9.4.29.v20200521	9.4.30.v20200611	https://github.com/eclipse/jetty.project	ff8ae56fa939c3477a0cdd1ff56ce3d902f08fba	[HttpConnection::onCompleted]
jars/NEQ3/elide-core-4.5.13.jar	jars/NEQ3/elide-core-4.5.14.jar	/com/yahoo/elide/core/EntityBinding.class	/com/yahoo/elide/core/EntityBinding.class	CVE-2020-5289	GHSA-2mxr-89gf-rc4v	com.yahoo.elide:elide-core	4.5.13	4.5.14	https://github.com/yahoo/elide	7239e47eca00226550300e5e67cdabbf12145ef0	[EntityBinding::getAnnotation]
jars/NEQ3/elide-core-4.5.13.jar	jars/NEQ3/elide-core-4.5.14.jar	/com/yahoo/elide/core/PersistentResource.class	/com/yahoo/elide/core/PersistentResource.class	CVE-2020-5289	GHSA-2mxr-89gf-rc4v	com.yahoo.elide:elide-core	4.5.13	4.5.14	https://github.com/yahoo/elide	7239e47eca00226550300e5e67cdabbf12145ef0	[PersistentResource::getRelationChecked, PersistentResource::filter, PersistentResource::getPermissionFilterExpression, PersistentResource::getRelationCheckedFiltered, PersistentResource::getRelation, PersistentResource::clearRelation, PersistentResource::getRelation, PersistentResource::buildIdFilterExpression, PersistentResource::shouldSkipCollection, PersistentResource::checkIncludeSparseField, PersistentResource::filter, PersistentResource::checkFieldAwareDeferPermissions, PersistentResource::updateToOneRelation, PersistentResource::updateToManyRelation, PersistentResource::getRelationUnchecked, PersistentResource::loadRecords, PersistentResource::updateRelation]
jars/NEQ3/elide-core-4.5.13.jar	jars/NEQ3/elide-core-4.5.14.jar	/com/yahoo/elide/core/PersistentResourceSet.class	/com/yahoo/elide/core/PersistentResourceSet.class	CVE-2020-5289	GHSA-2mxr-89gf-rc4v	com.yahoo.elide:elide-core	4.5.13	4.5.14	https://github.com/yahoo/elide	7239e47eca00226550300e5e67cdabbf12145ef0	[PersistentResourceSet::spliterator]
jars/NEQ3/elide-core-4.5.13.jar	jars/NEQ3/elide-core-4.5.14.jar	/com/yahoo/elide/core/RequestScope.class	/com/yahoo/elide/core/RequestScope.class	CVE-2020-5289	GHSA-2mxr-89gf-rc4v	com.yahoo.elide:elide-core	4.5.13	4.5.14	https://github.com/yahoo/elide	7239e47eca00226550300e5e67cdabbf12145ef0	[RequestScope::getLoadFilterExpression]
jars/NEQ3/odata-client-core-4.6.0.jar	jars/NEQ3/odata-client-core-4.7.0.jar	/org/apache/olingo/client/core/communication/request/AsyncBatchRequestWrapperImpl$AsyncResponseWrapperImpl.class	/org/apache/olingo/client/core/communication/request/AsyncBatchRequestWrapperImpl$AsyncResponseWrapperImpl.class	CVE-2019-17555	GHSA-477x-w7m6-c6ph	org.apache.olingo:odata-client-core	4.6.0	4.7.0	https://github.com/apache/olingo-odata4	98d445a87447a5424cf5405a559708323f94d94f	[AsyncBatchRequestWrapperImpl::AsyncResponseWrapperImpl::retrieveMonitorDetails]
jars/NEQ3/odata-client-core-4.6.0.jar	jars/NEQ3/odata-client-core-4.7.0.jar	/org/apache/olingo/client/core/communication/request/AsyncRequestWrapperImpl$AsyncResponseWrapperImpl.class	/org/apache/olingo/client/core/communication/request/AsyncRequestWrapperImpl$AsyncResponseWrapperImpl.class	CVE-2019-17555	GHSA-477x-w7m6-c6ph	org.apache.olingo:odata-client-core	4.6.0	4.7.0	https://github.com/apache/olingo-odata4	98d445a87447a5424cf5405a559708323f94d94f	[AsyncRequestWrapperImpl::AsyncResponseWrapperImpl::getODataResponse, AsyncRequestWrapperImpl::AsyncResponseWrapperImpl::parseReplyAfter, AsyncRequestWrapperImpl::AsyncResponseWrapperImpl::retrieveMonitorDetails]
jars/NEQ3/shiro-core-1.4.1.jar	jars/NEQ3/shiro-core-1.4.2.jar	/org/apache/shiro/crypto/AesCipherService.class	/org/apache/shiro/crypto/AesCipherService.class	CVE-2019-12422	GHSA-r679-m633-g7wc	org.apache.shiro:shiro-core	1.4.1	1.4.2	https://github.com/apache/shiro	a8018783373ff5e5210225069c9919e071597d5e	[AesCipherService::createParameterSpec, AesCipherService::AesCipherService]
jars/NEQ3/shiro-core-1.4.1.jar	jars/NEQ3/shiro-core-1.4.2.jar	/org/apache/shiro/crypto/JcaCipherService.class	/org/apache/shiro/crypto/JcaCipherService.class	CVE-2019-12422	GHSA-r679-m633-g7wc	org.apache.shiro:shiro-core	1.4.1	1.4.2	https://github.com/apache/shiro	a8018783373ff5e5210225069c9919e071597d5e	[JcaCipherService::initNewCipher, JcaCipherService::createParameterSpec]
jars/NEQ3/odata-client-core-4.7.0.jar	jars/NEQ3/odata-client-core-4.7.1.jar	/org/apache/olingo/client/core/communication/request/AsyncBatchRequestWrapperImpl$AsyncResponseWrapperImpl.class	/org/apache/olingo/client/core/communication/request/AsyncBatchRequestWrapperImpl$AsyncResponseWrapperImpl.class	CVE-2020-1925	GHSA-v4qh-6367-4cx2	org.apache.olingo:odata-client-core	4.7.0	4.7.1	https://github.com/apache/olingo-odata4	9f9aebde557b791f275d6156d8bec12ac334425d	[AsyncBatchRequestWrapperImpl::AsyncResponseWrapperImpl::retrieveMonitorDetails]
jars/NEQ3/odata-client-core-4.7.0.jar	jars/NEQ3/odata-client-core-4.7.1.jar	/org/apache/olingo/client/core/communication/request/AsyncRequestWrapperImpl$AsyncResponseWrapperImpl.class	/org/apache/olingo/client/core/communication/request/AsyncRequestWrapperImpl$AsyncResponseWrapperImpl.class	CVE-2020-1925	GHSA-v4qh-6367-4cx2	org.apache.olingo:odata-client-core	4.7.0	4.7.1	https://github.com/apache/olingo-odata4	9f9aebde557b791f275d6156d8bec12ac334425d	[AsyncRequestWrapperImpl::AsyncResponseWrapperImpl::createLocation, AsyncRequestWrapperImpl::AsyncResponseWrapperImpl::retrieveMonitorDetails]
jars/NEQ3/odata-client-core-4.7.0.jar	jars/NEQ3/odata-client-core-4.7.1.jar	/org/apache/olingo/client/core/communication/request/AsyncRequestWrapperImpl.class	/org/apache/olingo/client/core/communication/request/AsyncRequestWrapperImpl.class	CVE-2020-1925	GHSA-v4qh-6367-4cx2	org.apache.olingo:odata-client-core	4.7.0	4.7.1	https://github.com/apache/olingo-odata4	9f9aebde557b791f275d6156d8bec12ac334425d	[AsyncRequestWrapperImpl::AsyncRequestWrapperImpl, AsyncRequestWrapperImpl::checkLocation]
jars/NEQ3/odata-client-proxy-4.6.0.jar	jars/NEQ3/odata-client-proxy-4.7.0.jar	/org/apache/olingo/ext/proxy/AbstractService.class	/org/apache/olingo/ext/proxy/AbstractService.class	CVE-2019-17556	GHSA-gj76-429m-56wc	org.apache.olingo:odata-client-proxy	4.6.0	4.7.0	https://github.com/apache/olingo-odata4	db50f59689155d8055e268863689771c3536d0e0	[AbstractService::createObjectInputStream, AbstractService::getAllowedClasses, AbstractService::AbstractService]
jars/NEQ3/ignite-core-2.8.0.jar	jars/NEQ3/ignite-core-2.8.1.jar	/org/apache/ignite/internal/cluster/DistributedBaselineConfiguration.class	/org/apache/ignite/internal/cluster/DistributedBaselineConfiguration.class	CVE-2020-1963	GHSA-5wm5-8q42-rhxg	org.apache.ignite:ignite-core	2.8.0	2.8.1	https://github.com/apache/ignite	02b0439639a9dab264cdb3ed4081c231e0079c13	[DistributedBaselineConfiguration::setDefaultValue, DistributedBaselineConfiguration::DistributedBaselineConfiguration, DistributedBaselineConfiguration::makeUpdateListener]
jars/NEQ3/xercesImpl-2.11.0.jar	jars/NEQ3/xercesImpl-2.12.0.jar	/org/apache/xerces/impl/dtd/DTDGrammar$QNameHashtable.class	/org/apache/xerces/impl/dtd/DTDGrammar$QNameHashtable.class	CVE-2012-0881	GHSA-vmqm-g3vh-847m	xerces:xercesImpl	2.11.0	2.12.0	https://github.com/apache/xerces2-j	992b5d9c24102ad20330d36c0a71162753a37449	[DTDGrammar::QNameHashtable::get, DTDGrammar::QNameHashtable::rehash, DTDGrammar::QNameHashtable::hash, DTDGrammar::QNameHashtable::put, DTDGrammar::QNameHashtable::hash0, DTDGrammar::QNameHashtable::rebalance, DTDGrammar::QNameHashtable::rehashCommon]
jars/NEQ3/xercesImpl-2.11.0.jar	jars/NEQ3/xercesImpl-2.12.0.jar	/org/apache/xerces/util/SoftReferenceSymbolTable.class	/org/apache/xerces/util/SoftReferenceSymbolTable.class	CVE-2012-0881	GHSA-vmqm-g3vh-847m	xerces:xercesImpl	2.11.0	2.12.0	https://github.com/apache/xerces2-j	992b5d9c24102ad20330d36c0a71162753a37449	[SoftReferenceSymbolTable::rebalance, SoftReferenceSymbolTable::addSymbol, SoftReferenceSymbolTable::addSymbol, SoftReferenceSymbolTable::rehashCommon]
jars/NEQ3/xercesImpl-2.11.0.jar	jars/NEQ3/xercesImpl-2.12.0.jar	/org/apache/xerces/util/SymbolHash.class	/org/apache/xerces/util/SymbolHash.class	CVE-2012-0881	GHSA-vmqm-g3vh-847m	xerces:xercesImpl	2.11.0	2.12.0	https://github.com/apache/xerces2-j	992b5d9c24102ad20330d36c0a71162753a37449	[SymbolHash::makeClone, SymbolHash::hash, SymbolHash::hash0, SymbolHash::SymbolHash, SymbolHash::clear, SymbolHash::rebalance, SymbolHash::rehashCommon, SymbolHash::rehash, SymbolHash::put]
jars/NEQ3/xercesImpl-2.11.0.jar	jars/NEQ3/xercesImpl-2.12.0.jar	/org/apache/xerces/util/SymbolTable.class	/org/apache/xerces/util/SymbolTable.class	CVE-2012-0881	GHSA-vmqm-g3vh-847m	xerces:xercesImpl	2.11.0	2.12.0	https://github.com/apache/xerces2-j	992b5d9c24102ad20330d36c0a71162753a37449	[SymbolTable::hash, SymbolTable::hash0, SymbolTable::rehashCommon, SymbolTable::SymbolTable, SymbolTable::addSymbol, SymbolTable::hash0, SymbolTable::rehash, SymbolTable::rebalance, SymbolTable::addSymbol, SymbolTable::hash]
jars/NEQ3/xercesImpl-2.11.0.jar	jars/NEQ3/xercesImpl-2.12.0.jar	/org/apache/xerces/util/XMLAttributesImpl.class	/org/apache/xerces/util/XMLAttributesImpl.class	CVE-2012-0881	GHSA-vmqm-g3vh-847m	xerces:xercesImpl	2.11.0	2.12.0	https://github.com/apache/xerces2-j	992b5d9c24102ad20330d36c0a71162753a37449	[XMLAttributesImpl::prepareAndPopulateTableViewNS, XMLAttributesImpl::hash, XMLAttributesImpl::getTableViewBucket, XMLAttributesImpl::hash, XMLAttributesImpl::hash0, XMLAttributesImpl::prepareAndPopulateTableView, XMLAttributesImpl::rebalanceTableView, XMLAttributesImpl::rebalanceTableViewNS, XMLAttributesImpl::prepareTableView, XMLAttributesImpl::checkManyDuplicatesNS, XMLAttributesImpl::checkDuplicatesNS, XMLAttributesImpl::addAttribute, XMLAttributesImpl::growTableView, XMLAttributesImpl::prepareAndPopulateTableView, XMLAttributesImpl::getTableViewBucket]
jars/NEQ3/jolokia-core-1.6.0.jar	jars/NEQ3/jolokia-core-1.6.1.jar	/org/jolokia/backend/BackendManager.class	/org/jolokia/backend/BackendManager.class	CVE-2018-10899	GHSA-xcxf-7q4p-cj26	org.jolokia:jolokia-core	1.6.0	1.6.1	https://github.com/rhuss/jolokia	ec1cebda618e68d12c9b1906820564408cf950e1	[BackendManager::isOriginAllowed, BackendManager::isOriginAllowed]
jars/NEQ3/jolokia-core-1.6.0.jar	jars/NEQ3/jolokia-core-1.6.1.jar	/org/jolokia/http/AgentServlet.class	/org/jolokia/http/AgentServlet.class	CVE-2018-10899	GHSA-xcxf-7q4p-cj26	org.jolokia:jolokia-core	1.6.0	1.6.1	https://github.com/rhuss/jolokia	ec1cebda618e68d12c9b1906820564408cf950e1	[AgentServlet::doOptions]
jars/NEQ3/jolokia-core-1.6.0.jar	jars/NEQ3/jolokia-core-1.6.1.jar	/org/jolokia/http/HttpRequestHandler.class	/org/jolokia/http/HttpRequestHandler.class	CVE-2018-10899	GHSA-xcxf-7q4p-cj26	org.jolokia:jolokia-core	1.6.0	1.6.1	https://github.com/rhuss/jolokia	ec1cebda618e68d12c9b1906820564408cf950e1	[HttpRequestHandler::checkAccess, HttpRequestHandler::handleCorsPreflightRequest]
jars/NEQ3/jolokia-core-1.6.0.jar	jars/NEQ3/jolokia-core-1.6.1.jar	/org/jolokia/restrictor/AbstractConstantRestrictor.class	/org/jolokia/restrictor/AbstractConstantRestrictor.class	CVE-2018-10899	GHSA-xcxf-7q4p-cj26	org.jolokia:jolokia-core	1.6.0	1.6.1	https://github.com/rhuss/jolokia	ec1cebda618e68d12c9b1906820564408cf950e1	[AbstractConstantRestrictor::isOriginAllowed, AbstractConstantRestrictor::isOriginAllowed]
jars/NEQ3/jolokia-core-1.6.0.jar	jars/NEQ3/jolokia-core-1.6.1.jar	/org/jolokia/restrictor/PolicyRestrictor.class	/org/jolokia/restrictor/PolicyRestrictor.class	CVE-2018-10899	GHSA-xcxf-7q4p-cj26	org.jolokia:jolokia-core	1.6.0	1.6.1	https://github.com/rhuss/jolokia	ec1cebda618e68d12c9b1906820564408cf950e1	[PolicyRestrictor::isOriginAllowed, PolicyRestrictor::isOriginAllowed, PolicyRestrictor::isAttributeReadAllowed]
jars/NEQ3/jolokia-core-1.6.0.jar	jars/NEQ3/jolokia-core-1.6.1.jar	/org/jolokia/restrictor/policy/CorsChecker.class	/org/jolokia/restrictor/policy/CorsChecker.class	CVE-2018-10899	GHSA-xcxf-7q4p-cj26	org.jolokia:jolokia-core	1.6.0	1.6.1	https://github.com/rhuss/jolokia	ec1cebda618e68d12c9b1906820564408cf950e1	[CorsChecker::check, CorsChecker::check]
jars/NEQ3/solr-core-4.5.1.jar	jars/NEQ3/solr-core-4.6.0.jar	/org/apache/solr/cloud/ZkSolrResourceLoader.class	/org/apache/solr/cloud/ZkSolrResourceLoader.class	CVE-2013-6397	GHSA-j8qw-mwmv-28cg	org.apache.solr:solr-core	4.5.1	4.6.0	https://git-wip-us.apache.org/repos/asf/lucene-solr	da34b18cb3092df4972e2b6fa5178d1059923910	[ZkSolrResourceLoader::openResource]
jars/NEQ3/solr-core-4.5.1.jar	jars/NEQ3/solr-core-4.6.0.jar	/org/apache/solr/core/SolrResourceLoader.class	/org/apache/solr/core/SolrResourceLoader.class	CVE-2013-6397	GHSA-j8qw-mwmv-28cg	org.apache.solr:solr-core	4.5.1	4.6.0	https://git-wip-us.apache.org/repos/asf/lucene-solr	da34b18cb3092df4972e2b6fa5178d1059923910	[SolrResourceLoader::openResource, SolrResourceLoader::getConfigDir]
jars/NEQ3/script-security-1.50.jar	jars/NEQ3/script-security-1.51.jar	/org/jenkinsci/plugins/scriptsecurity/sandbox/groovy/SecureGroovyScript$DescriptorImpl.class	/org/jenkinsci/plugins/scriptsecurity/sandbox/groovy/SecureGroovyScript$DescriptorImpl.class	CVE-2019-1003005	GHSA-x5jm-rj37-5qh7	org.jenkins-ci.plugins:script-security	1.50	1.51	https://github.com/jenkinsci/script-security-plugin	35119273101af26792457ec177f34f6f4fa49d99	[SecureGroovyScript::DescriptorImpl::doCheckScript]
jars/NEQ3/plexus-archiver-3.5.jar	jars/NEQ3/plexus-archiver-3.6.0.jar	/org/codehaus/plexus/archiver/AbstractUnArchiver.class	/org/codehaus/plexus/archiver/AbstractUnArchiver.class	CVE-2018-1002200	GHSA-hcxq-x77q-3469	org.codehaus.plexus:plexus-archiver	3.5	3.6.0	https://github.com/codehaus-plexus/plexus-archiver	58bc24e465c0842981692adbf6d75680298989de	[AbstractUnArchiver::extractFile]
jars/NEQ3/nifi-standard-processors-1.5.0.jar	jars/NEQ3/nifi-standard-processors-1.6.0.jar	/org/apache/nifi/processors/standard/SplitXml.class	/org/apache/nifi/processors/standard/SplitXml.class	CVE-2018-1309	GHSA-42wx-65g4-5cxv	org.apache.nifi:nifi-standard-processors	1.5.0	1.6.0	https://github.com/apache/nifi	28067a29fd13cdf8e21b440fc65c6dd67872522f	[SplitXml::onTrigger]
jars/NEQ3/jolokia-core-1.4.0.jar	jars/NEQ3/jolokia-core-1.5.0.jar	/org/jolokia/http/AgentServlet.class	/org/jolokia/http/AgentServlet.class	CVE-2018-1000129	GHSA-hfpg-gqjw-779m	org.jolokia:jolokia-core	1.4.0	1.5.0	https://github.com/rhuss/jolokia	5895d5c137c335e6b473e9dcb9baf748851bbc5f	[AgentServlet::handle, AgentServlet::getMimeType, AgentServlet::validateCallbackIfGiven, AgentServlet::sendResponse]
jars/NEQ3/dynatrace-dashboard-2.1.4.jar	jars/NEQ3/dynatrace-dashboard-2.1.5.jar	/com/dynatrace/jenkins/dashboard/TAGlobalConfiguration.class	/com/dynatrace/jenkins/dashboard/TAGlobalConfiguration.class	CVE-2019-10463	GHSA-cqjv-whwg-wh47	org.jenkins-ci.plugins:dynatrace-dashboard	2.1.4	2.1.5	https://github.com/jenkinsci/dynatrace-plugin	b6e55709476d9f6dfaf75a4cd744fe1798868168	[TAGlobalConfiguration::doTestDynatraceConnection]
jars/NEQ3/libpam4j-1.9.jar	jars/NEQ3/libpam4j-1.10.jar	/org/jvnet/libpam/PAM.class	/org/jvnet/libpam/PAM.class	CVE-2017-12197	GHSA-x9rg-q5fx-fx66	org.kohsuke:libpam4j	1.9	1.10	https://github.com/letonez/libpam4j	84f32f4001fc6bdcc125ccc959081de022d18b6d	[PAM::authenticate]
jars/NEQ3/elasticsearch-1.6.0.jar	jars/NEQ3/elasticsearch-1.6.1.jar	/org/elasticsearch/env/Environment.class	/org/elasticsearch/env/Environment.class	CVE-2015-5531	GHSA-jjq8-vfjq-j6v4	org.elasticsearch:elasticsearch	1.6.0	1.6.1	https://github.com/elastic/elasticsearch	df1427a2935237fb61fc641984f9c76478627fec	[Environment::resolveRepoURL, Environment::resolve]
jars/NEQ3/elasticsearch-1.6.0.jar	jars/NEQ3/elasticsearch-1.6.1.jar	/org/elasticsearch/repositories/uri/URLRepository.class	/org/elasticsearch/repositories/uri/URLRepository.class	CVE-2015-5531	GHSA-jjq8-vfjq-j6v4	org.elasticsearch:elasticsearch	1.6.0	1.6.1	https://github.com/elastic/elasticsearch	df1427a2935237fb61fc641984f9c76478627fec	[URLRepository::URLRepository, URLRepository::URLRepository, URLRepository::checkURL]
jars/NEQ3/spring-web-3.2.1.RELEASE.jar	jars/NEQ3/spring-web-3.2.2.RELEASE.jar	/org/springframework/web/util/JavaScriptUtils.class	/org/springframework/web/util/JavaScriptUtils.class	CVE-2013-6430	GHSA-xjrf-8x4f-43h4	org.springframework:spring-web	3.2.1.RELEASE	3.2.2.RELEASE	https://github.com/spring-projects/spring-framework	7a7df6637478607bef0277bf52a4e0a03e20a248	[JavaScriptUtils::javaScriptEscape]
jars/NEQ3/spring-social-core-1.1.2.RELEASE.jar	jars/NEQ3/spring-social-core-1.1.3.RELEASE.jar	/org/springframework/social/support/ClientHttpRequestFactorySelector$HttpComponentsClientRequestFactoryCreator.class	/org/springframework/social/support/ClientHttpRequestFactorySelector$HttpComponentsClientRequestFactoryCreator.class	CVE-2015-5258	GHSA-w5r6-gx3q-hmxj	org.springframework.social:spring-social-core	1.1.2.RELEASE	1.1.3.RELEASE	https://github.com/spring-projects/spring-social	5151e1158e1ed51369e7aba9e8092930d28c31d3	[ClientHttpRequestFactorySelector::HttpComponentsClientRequestFactoryCreator::getSSLContext, ClientHttpRequestFactorySelector::HttpComponentsClientRequestFactoryCreator::getAllTrustClient]
jars/NEQ3/hawtjni-runtime-1.7.jar	jars/NEQ3/hawtjni-runtime-1.8.jar	/org/fusesource/hawtjni/runtime/Library.class	/org/fusesource/hawtjni/runtime/Library.class	CVE-2013-2035	GHSA-49j7-qghp-5wj8	org.fusesource.hawtjni:hawtjni-runtime	1.7	1.8	https://github.com/fusesource/hawtjni	92c266170ce98edc200c656bd034a237098b8aa5	[Library::isStale, Library::extract, Library::extract, Library::close, Library::exractAndLoad]
jars/NEQ3/tapestry-core-5.3.5.jar	jars/NEQ3/tapestry-core-5.3.6.jar	/org/apache/tapestry5/internal/services/ClientDataEncoderImpl.class	/org/apache/tapestry5/internal/services/ClientDataEncoderImpl.class	CVE-2014-1972	GHSA-c438-8cvq-pxxx	org.apache.tapestry:tapestry-core	5.3.5	5.3.6	https://git-wip-us.apache.org/repos/asf/tapestry-5.git	95846b173d83c2eb42db75dae3e7d5e13a633946	[ClientDataEncoderImpl::validateHMAC, ClientDataEncoderImpl::decodeClientData, ClientDataEncoderImpl::ClientDataEncoderImpl, ClientDataEncoderImpl::ClientDataEncoderImpl, ClientDataEncoderImpl::createSink]
jars/NEQ3/tapestry-core-5.3.5.jar	jars/NEQ3/tapestry-core-5.3.6.jar	/org/apache/tapestry5/internal/services/ClientDataSinkImpl.class	/org/apache/tapestry5/internal/services/ClientDataSinkImpl.class	CVE-2014-1972	GHSA-c438-8cvq-pxxx	org.apache.tapestry:tapestry-core	5.3.5	5.3.6	https://git-wip-us.apache.org/repos/asf/tapestry-5.git	95846b173d83c2eb42db75dae3e7d5e13a633946	[ClientDataSinkImpl::ClientDataSinkImpl, ClientDataSinkImpl::getClientData, ClientDataSinkImpl::ClientDataSinkImpl]
jars/NEQ3/tapestry-core-5.3.5.jar	jars/NEQ3/tapestry-core-5.3.6.jar	/org/apache/tapestry5/services/TapestryModule.class	/org/apache/tapestry5/services/TapestryModule.class	CVE-2014-1972	GHSA-c438-8cvq-pxxx	org.apache.tapestry:tapestry-core	5.3.5	5.3.6	https://git-wip-us.apache.org/repos/asf/tapestry-5.git	95846b173d83c2eb42db75dae3e7d5e13a633946	[TapestryModule::contributeFactoryDefaults]
jars/NEQ3/shiro-core-1.2.4.jar	jars/NEQ3/shiro-core-1.2.5.jar	/org/apache/shiro/mgt/AbstractRememberMeManager.class	/org/apache/shiro/mgt/AbstractRememberMeManager.class	CVE-2016-4437	GHSA-p836-389h-j692	org.apache.shiro:shiro-core	1.2.4	1.2.5	https://github.com/apache/shiro	64d9f8341e1aa7ef1a29744e16ea7c578ca5deee	[AbstractRememberMeManager::AbstractRememberMeManager]
jars/NEQ3/org.apache.karaf.config.core-4.2.4.jar	jars/NEQ3/org.apache.karaf.config.core-4.2.5.jar	/org/apache/karaf/config/command/InstallCommand.class	/org/apache/karaf/config/command/InstallCommand.class	CVE-2019-0226	GHSA-fjw4-39pg-vf4f	org.apache.karaf.config:org.apache.karaf.config.core	4.2.4	4.2.5	https://github.com/apache/karaf	fe3bc4108e5a8b3c804e5da91ec0d5695588eb25	[InstallCommand::execute]
jars/NEQ3/org.apache.karaf.config.core-4.2.4.jar	jars/NEQ3/org.apache.karaf.config.core-4.2.5.jar	/org/apache/karaf/config/core/impl/ConfigMBeanImpl.class	/org/apache/karaf/config/core/impl/ConfigMBeanImpl.class	CVE-2019-0226	GHSA-fjw4-39pg-vf4f	org.apache.karaf.config:org.apache.karaf.config.core	4.2.4	4.2.5	https://github.com/apache/karaf	fe3bc4108e5a8b3c804e5da91ec0d5695588eb25	[ConfigMBeanImpl::install]
jars/NEQ3/mysql-connector-java-5.1.41.jar	jars/NEQ3/mysql-connector-java-5.1.42.jar	/com/mysql/jdbc/ExportControlled.class	/com/mysql/jdbc/ExportControlled.class	CVE-2017-3586	GHSA-pwh7-92h3-mqr6	mysql:mysql-connector-java	5.1.41	5.1.42	https://github.com/mysql/mysql-connector-j	aeba57264966b0fd329cdb8170ba772fd8fd4de2	[ExportControlled::getSSLSocketFactoryDefaultOrConfigured]
jars/NEQ3/esapi-2.0.1.jar	jars/NEQ3/esapi-2.1.0.jar	/org/owasp/esapi/crypto/CipherText.class	/org/owasp/esapi/crypto/CipherText.class	CVE-2013-5679	GHSA-jcp9-796g-pv9p	org.owasp.esapi:esapi	2.0.1	2.1.0	https://github.com/ESAPI/esapi-java-legacy	41138fef5f63d9cf0d5e05d2bee2c7f682ffef3f	[CipherText::validateMAC, CipherText::asPortableSerializedByteArray]
jars/NEQ3/esapi-2.0.1.jar	jars/NEQ3/esapi-2.1.0.jar	/org/owasp/esapi/crypto/CipherTextSerializer.class	/org/owasp/esapi/crypto/CipherTextSerializer.class	CVE-2013-5679	GHSA-jcp9-796g-pv9p	org.owasp.esapi:esapi	2.0.1	2.1.0	https://github.com/ESAPI/esapi-java-legacy	41138fef5f63d9cf0d5e05d2bee2c7f682ffef3f	[CipherTextSerializer::convertToCipherText]
jars/NEQ3/esapi-2.0.1.jar	jars/NEQ3/esapi-2.1.0.jar	/org/owasp/esapi/reference/crypto/JavaEncryptor.class	/org/owasp/esapi/reference/crypto/JavaEncryptor.class	CVE-2013-5679	GHSA-jcp9-796g-pv9p	org.owasp.esapi:esapi	2.0.1	2.1.0	https://github.com/ESAPI/esapi-java-legacy	41138fef5f63d9cf0d5e05d2bee2c7f682ffef3f	[JavaEncryptor::encrypt, JavaEncryptor::encrypt, JavaEncryptor::decrypt]
jars/NEQ3/struts2-core-2.3.24.3.jar	jars/NEQ3/struts2-core-2.3.28.jar	/org/apache/struts2/components/Component.class	/org/apache/struts2/components/Component.class	CVE-2016-0785	GHSA-876p-4wgc-75rx	org.apache.struts:struts2-core	2.3.24.3	2.3.28	https://gitbox.apache.org/repos/asf/struts	15857a69e7baf3675804495a5954cd0756ac8364	[Component::findValue]
jars/NEQ3/struts2-core-2.3.24.3.jar	jars/NEQ3/struts2-core-2.3.28.jar	/org/apache/struts2/util/ComponentUtils.class	/org/apache/struts2/util/ComponentUtils.class	CVE-2016-0785	GHSA-876p-4wgc-75rx	org.apache.struts:struts2-core	2.3.24.3	2.3.28	https://gitbox.apache.org/repos/asf/struts	15857a69e7baf3675804495a5954cd0756ac8364	[ComponentUtils::containsExpression, ComponentUtils::isExpression, ComponentUtils::isExpression]
jars/NEQ3/struts2-core-2.3.24.3.jar	jars/NEQ3/struts2-core-2.3.28.jar	/org/apache/struts2/views/jsp/ui/AbstractUITag.class	/org/apache/struts2/views/jsp/ui/AbstractUITag.class	CVE-2016-0785	GHSA-876p-4wgc-75rx	org.apache.struts:struts2-core	2.3.24.3	2.3.28	https://gitbox.apache.org/repos/asf/struts	15857a69e7baf3675804495a5954cd0756ac8364	[AbstractUITag::setDynamicAttribute]
jars/NEQ3/struts2-core-2.3.15.2.jar	jars/NEQ3/struts2-core-2.3.15.3.jar	/org/apache/struts2/dispatcher/mapper/DefaultActionMapper.class	/org/apache/struts2/dispatcher/mapper/DefaultActionMapper.class	CVE-2013-4310	GHSA-q5q8-jghf-3pm3	org.apache.struts:struts2-core	2.3.15.2	2.3.15.3	https://github.com/apache/struts	0c8366cb792227d484b9ca13e537037dd0cb57dc	[DefaultActionMapper::setAllowActionPrefix, DefaultActionMapper::setAllowActionCrossNamespaceAccess, DefaultActionMapper::DefaultActionMapper, DefaultActionMapper::handleSpecialParameters]
jars/NEQ3/struts2-core-2.5.12.jar	jars/NEQ3/struts2-core-2.5.13.jar	/com/opensymphony/xwork2/validator/validators/URLValidator.class	/com/opensymphony/xwork2/validator/validators/URLValidator.class	CVE-2016-8738	GHSA-86vq-8qhc-5rqw	org.apache.struts:struts2-core	2.5.12	2.5.13	https://gitbox.apache.org/repos/asf/struts	554b9dddb0fbd1e581ef577dd62a7c22955ad0f6	[URLValidator::validate]
jars/NEQ3/solr-core-4.3.0.jar	jars/NEQ3/solr-core-4.3.1.jar	/org/apache/solr/handler/DocumentAnalysisRequestHandler.class	/org/apache/solr/handler/DocumentAnalysisRequestHandler.class	CVE-2013-6408	GHSA-45w3-2hvv-pfxq	org.apache.solr:solr-core	4.3.0	4.3.1	https://git-wip-us.apache.org/repos/asf/lucene-solr	7239a57a51ea0f4d05dd330ce5e15e4f72f72747	[DocumentAnalysisRequestHandler::init]
jars/NEQ3/solr-core-4.0.0.jar	jars/NEQ3/solr-core-4.1.0.jar	/org/apache/solr/handler/loader/XMLLoader.class	/org/apache/solr/handler/loader/XMLLoader.class	CVE-2012-6612	GHSA-6cpj-3g83-q2j4	org.apache.solr:solr-core	4.0.0	4.1.0	https://git-wip-us.apache.org/repos/asf/lucene-solr	f230486ce6707762c1a6e81655d0fac52887906d	[XMLLoader::load, XMLLoader::init]
jars/NEQ3/dynatrace-dashboard-2.1.3.jar	jars/NEQ3/dynatrace-dashboard-2.1.4.jar	/com/dynatrace/jenkins/dashboard/TABuildWrapper$DescriptorImpl.class	/com/dynatrace/jenkins/dashboard/TABuildWrapper$DescriptorImpl.class	CVE-2019-10462	GHSA-x546-xrx3-hjx4	org.jenkins-ci.plugins:dynatrace-dashboard	2.1.3	2.1.4	https://github.com/jenkinsci/dynatrace-plugin	373adaa1161d59ccd4e5e3469a9b6aeec17968ae	[TABuildWrapper::DescriptorImpl::doCheckSystemProfile]
jars/NEQ3/dynatrace-dashboard-2.1.3.jar	jars/NEQ3/dynatrace-dashboard-2.1.4.jar	/com/dynatrace/jenkins/dashboard/TABuildWrapper.class	/com/dynatrace/jenkins/dashboard/TABuildWrapper.class	CVE-2019-10462	GHSA-x546-xrx3-hjx4	org.jenkins-ci.plugins:dynatrace-dashboard	2.1.3	2.1.4	https://github.com/jenkinsci/dynatrace-plugin	373adaa1161d59ccd4e5e3469a9b6aeec17968ae	[TABuildWrapper::setupBuildVariables]
jars/NEQ3/dynatrace-dashboard-2.1.3.jar	jars/NEQ3/dynatrace-dashboard-2.1.4.jar	/com/dynatrace/jenkins/dashboard/TAGlobalConfiguration.class	/com/dynatrace/jenkins/dashboard/TAGlobalConfiguration.class	CVE-2019-10462	GHSA-x546-xrx3-hjx4	org.jenkins-ci.plugins:dynatrace-dashboard	2.1.3	2.1.4	https://github.com/jenkinsci/dynatrace-plugin	373adaa1161d59ccd4e5e3469a9b6aeec17968ae	[TAGlobalConfiguration::getDefaultPassword, TAGlobalConfiguration::doCheckDelay, TAGlobalConfiguration::configure, TAGlobalConfiguration::TAGlobalConfiguration, TAGlobalConfiguration::doCheckRetryCount]
jars/NEQ3/dynatrace-dashboard-2.1.3.jar	jars/NEQ3/dynatrace-dashboard-2.1.4.jar	/com/dynatrace/jenkins/dashboard/TAReportingProjectAction.class	/com/dynatrace/jenkins/dashboard/TAReportingProjectAction.class	CVE-2019-10462	GHSA-x546-xrx3-hjx4	org.jenkins-ci.plugins:dynatrace-dashboard	2.1.3	2.1.4	https://github.com/jenkinsci/dynatrace-plugin	373adaa1161d59ccd4e5e3469a9b6aeec17968ae	[TAReportingProjectAction::doSummarizerGraph, TAReportingProjectAction::getExistingReportsList]
jars/NEQ3/dynatrace-dashboard-2.1.3.jar	jars/NEQ3/dynatrace-dashboard-2.1.4.jar	/com/dynatrace/jenkins/dashboard/TAReportingProjectAction$GraphImpl.class	/com/dynatrace/jenkins/dashboard/TAReportingProjectAction$GraphImpl.class	CVE-2019-10462	GHSA-x546-xrx3-hjx4	org.jenkins-ci.plugins:dynatrace-dashboard	2.1.3	2.1.4	https://github.com/jenkinsci/dynatrace-plugin	373adaa1161d59ccd4e5e3469a9b6aeec17968ae	[TAReportingProjectAction::GraphImpl::GraphImpl, TAReportingProjectAction::GraphImpl::createGraph]
jars/NEQ3/dynatrace-dashboard-2.1.3.jar	jars/NEQ3/dynatrace-dashboard-2.1.4.jar	/com/dynatrace/jenkins/dashboard/utils/Utils.class	/com/dynatrace/jenkins/dashboard/utils/Utils.class	CVE-2019-10462	GHSA-x546-xrx3-hjx4	org.jenkins-ci.plugins:dynatrace-dashboard	2.1.3	2.1.4	https://github.com/jenkinsci/dynatrace-plugin	373adaa1161d59ccd4e5e3469a9b6aeec17968ae	[Utils::convertTestStatus, Utils::updateBuildVariable, Utils::createClient, Utils::convertTestCategory, Utils::convertTestMeasure, Utils::convertTestResult]
jars/NEQ3/xmlsec-2.0.2.jar	jars/NEQ3/xmlsec-2.0.3.jar	/org/apache/xml/security/stax/impl/InputProcessorChainImpl.class	/org/apache/xml/security/stax/impl/InputProcessorChainImpl.class	CVE-2014-8152	GHSA-w7cq-j9p9-hm3m	org.apache.santuario:xmlsec	2.0.2	2.0.3	https://github.com/apache/santuario-xml-security-java	3d7086c603a4538933dfa98d697d0df4539a984f	[InputProcessorChainImpl::createSubChain, InputProcessorChainImpl::createSubChain]
jars/NEQ3/xmlsec-2.0.2.jar	jars/NEQ3/xmlsec-2.0.3.jar	/org/apache/xml/security/stax/impl/processor/input/XMLSecurityInputProcessor.class	/org/apache/xml/security/stax/impl/processor/input/XMLSecurityInputProcessor.class	CVE-2014-8152	GHSA-w7cq-j9p9-hm3m	org.apache.santuario:xmlsec	2.0.2	2.0.3	https://github.com/apache/santuario-xml-security-java	3d7086c603a4538933dfa98d697d0df4539a984f	[XMLSecurityInputProcessor::processNextEvent]
jars/NEQ3/hazelcast-3.11-BETA-1.jar	jars/NEQ3/hazelcast-3.11.jar	/com/hazelcast/config/ConfigXmlGenerator.class	/com/hazelcast/config/ConfigXmlGenerator.class	CVE-2016-10750	GHSA-jv65-pf7v-f7p8	com.hazelcast:hazelcast	3.11-BETA-1	3.11	https://github.com/hazelcast/hazelcast	5a47697519018eb4918df33a21faae811e85f01a	[ConfigXmlGenerator::serializationXmlGenerator, ConfigXmlGenerator::appendFilterList]
jars/NEQ3/activemq-client-5.8.0.jar	jars/NEQ3/activemq-client-5.9.0.jar	/org/apache/activemq/broker/scheduler/CronParser.class	/org/apache/activemq/broker/scheduler/CronParser.class	CVE-2013-1879	GHSA-mfhr-3xmc-r2gg	org.apache.activemq:activemq-client	5.8.0	5.9.0	https://git-wip-us.apache.org/repos/asf/activemq	148ca81dcd8f14cfe2ff37012fd1aa42518f02dc	[CronParser::getNextScheduledTime]
jars/NEQ3/plexus-utils-3.0.15.jar	jars/NEQ3/plexus-utils-3.0.16.jar	/org/codehaus/plexus/util/cli/Commandline.class	/org/codehaus/plexus/util/cli/Commandline.class	CVE-2017-1000487	GHSA-8vhq-qq4p-grq3	org.codehaus.plexus:plexus-utils	3.0.15	3.0.16	https://github.com/codehaus-plexus/plexus-utils	b38a1b3a4352303e4312b2bb601a0d7ec6e28f41	[Commandline::execute, Commandline::getLiteralExecutable, Commandline::verifyShellState, Commandline::getCommandline]
jars/NEQ3/plexus-utils-3.0.15.jar	jars/NEQ3/plexus-utils-3.0.16.jar	/org/codehaus/plexus/util/cli/Commandline$Marker.class	/org/codehaus/plexus/util/cli/Commandline$Marker.class	CVE-2017-1000487	GHSA-8vhq-qq4p-grq3	org.codehaus.plexus:plexus-utils	3.0.15	3.0.16	https://github.com/codehaus-plexus/plexus-utils	b38a1b3a4352303e4312b2bb601a0d7ec6e28f41	[Commandline::Marker::getPosition]
jars/NEQ3/plexus-utils-3.0.15.jar	jars/NEQ3/plexus-utils-3.0.16.jar	/org/codehaus/plexus/util/cli/shell/BourneShell.class	/org/codehaus/plexus/util/cli/shell/BourneShell.class	CVE-2017-1000487	GHSA-8vhq-qq4p-grq3	org.codehaus.plexus:plexus-utils	3.0.15	3.0.16	https://github.com/codehaus-plexus/plexus-utils	b38a1b3a4352303e4312b2bb601a0d7ec6e28f41	[BourneShell::BourneShell, BourneShell::BourneShell, BourneShell::getExecutable, BourneShell::quoteOneItem, BourneShell::getQuotingTriggerChars, BourneShell::getExecutionPreamble, BourneShell::unifyQuotes]
jars/NEQ3/plexus-utils-3.0.15.jar	jars/NEQ3/plexus-utils-3.0.16.jar	/org/codehaus/plexus/util/cli/shell/Shell.class	/org/codehaus/plexus/util/cli/shell/Shell.class	CVE-2017-1000487	GHSA-8vhq-qq4p-grq3	org.codehaus.plexus:plexus-utils	3.0.15	3.0.16	https://github.com/codehaus-plexus/plexus-utils	b38a1b3a4352303e4312b2bb601a0d7ec6e28f41	[Shell::getShellCommandLine, Shell::setUnconditionalQuoting, Shell::getRawCommandLine, Shell::quoteOneItem]
jars/NEQ3/zt-zip-1.12.jar	jars/NEQ3/zt-zip-1.13.jar	/org/zeroturnaround/zip/ZipUtil$BackslashUnpacker.class	/org/zeroturnaround/zip/ZipUtil$BackslashUnpacker.class	CVE-2018-1002201	GHSA-qcf3-9vmh-xw4r	org.zeroturnaround:zt-zip	1.12	1.13	https://github.com/zeroturnaround/zt-zip	759b72f33bc8f4d69f84f09fcb7f010ad45d6fff	[ZipUtil::BackslashUnpacker::process]
jars/NEQ3/zt-zip-1.12.jar	jars/NEQ3/zt-zip-1.13.jar	/org/zeroturnaround/zip/ZipUtil$Unpacker.class	/org/zeroturnaround/zip/ZipUtil$Unpacker.class	CVE-2018-1002201	GHSA-qcf3-9vmh-xw4r	org.zeroturnaround:zt-zip	1.12	1.13	https://github.com/zeroturnaround/zt-zip	759b72f33bc8f4d69f84f09fcb7f010ad45d6fff	[ZipUtil::Unpacker::process]
jars/NEQ3/solr-core-4.0.0.jar	jars/NEQ3/solr-core-4.1.0.jar	/org/apache/solr/handler/loader/XMLLoader.class	/org/apache/solr/handler/loader/XMLLoader.class	CVE-2013-6407	GHSA-998j-j6v9-5846	org.apache.solr:solr-core	4.0.0	4.1.0	https://git-wip-us.apache.org/repos/asf/lucene-solr	f230486ce6707762c1a6e81655d0fac52887906d	[XMLLoader::load, XMLLoader::init]
jars/NEQ3/solr-core-6.6.0.jar	jars/NEQ3/solr-core-6.6.1.jar	/org/apache/solr/security/DelegationTokenKerberosFilter$SolrZkToCuratorCredentialsACLs.class	/org/apache/solr/security/DelegationTokenKerberosFilter$SolrZkToCuratorCredentialsACLs.class	CVE-2017-9803	GHSA-f553-j2gv-g5r9	org.apache.solr:solr-core	6.6.0	6.6.1	https://github.com/apache/lucene-solr	b091934f9e98568b848d0584a1145c8e514cbd21	[DelegationTokenKerberosFilter::SolrZkToCuratorCredentialsACLs::createACLProvider, DelegationTokenKerberosFilter::SolrZkToCuratorCredentialsACLs::SolrZkToCuratorCredentialsACLs]
jars/NEQ3/solr-core-6.6.0.jar	jars/NEQ3/solr-core-6.6.1.jar	/org/apache/solr/security/DelegationTokenKerberosFilter.class	/org/apache/solr/security/DelegationTokenKerberosFilter.class	CVE-2017-9803	GHSA-f553-j2gv-g5r9	org.apache.solr:solr-core	6.6.0	6.6.1	https://github.com/apache/lucene-solr	b091934f9e98568b848d0584a1145c8e514cbd21	[DelegationTokenKerberosFilter::getCuratorClient, DelegationTokenKerberosFilter::init]
jars/NEQ3/solr-core-6.6.0.jar	jars/NEQ3/solr-core-6.6.1.jar	/org/apache/solr/security/HadoopAuthFilter$SolrZkToCuratorCredentialsACLs.class	/org/apache/solr/security/HadoopAuthFilter$SolrZkToCuratorCredentialsACLs.class	CVE-2017-9803	GHSA-f553-j2gv-g5r9	org.apache.solr:solr-core	6.6.0	6.6.1	https://github.com/apache/lucene-solr	b091934f9e98568b848d0584a1145c8e514cbd21	[HadoopAuthFilter::SolrZkToCuratorCredentialsACLs::SolrZkToCuratorCredentialsACLs, HadoopAuthFilter::SolrZkToCuratorCredentialsACLs::createACLProvider]
jars/NEQ3/solr-core-6.6.0.jar	jars/NEQ3/solr-core-6.6.1.jar	/org/apache/solr/security/HadoopAuthFilter.class	/org/apache/solr/security/HadoopAuthFilter.class	CVE-2017-9803	GHSA-f553-j2gv-g5r9	org.apache.solr:solr-core	6.6.0	6.6.1	https://github.com/apache/lucene-solr	b091934f9e98568b848d0584a1145c8e514cbd21	[HadoopAuthFilter::init, HadoopAuthFilter::getCuratorClient]
jars/NEQ3/solr-core-6.6.0.jar	jars/NEQ3/solr-core-6.6.1.jar	/org/apache/solr/security/HadoopAuthPlugin.class	/org/apache/solr/security/HadoopAuthPlugin.class	CVE-2017-9803	GHSA-f553-j2gv-g5r9	org.apache.solr:solr-core	6.6.0	6.6.1	https://github.com/apache/lucene-solr	b091934f9e98568b848d0584a1145c8e514cbd21	[HadoopAuthPlugin::init]
jars/NEQ3/jolokia-core-1.2.0.jar	jars/NEQ3/jolokia-core-1.2.1.jar	/org/jolokia/backend/BackendManager.class	/org/jolokia/backend/BackendManager.class	CVE-2014-0168	GHSA-fjhw-8222-g2hg	org.jolokia:jolokia-core	1.2.0	1.2.1	https://github.com/rhuss/jolokia	2d9b168cfbbf5a6d16fa6e8a5b34503e3dc42364	[BackendManager::isOriginAllowed, BackendManager::isCorsAccessAllowed]
jars/NEQ3/jolokia-core-1.2.0.jar	jars/NEQ3/jolokia-core-1.2.1.jar	/org/jolokia/http/AgentServlet.class	/org/jolokia/http/AgentServlet.class	CVE-2014-0168	GHSA-fjhw-8222-g2hg	org.jolokia:jolokia-core	1.2.0	1.2.1	https://github.com/rhuss/jolokia	2d9b168cfbbf5a6d16fa6e8a5b34503e3dc42364	[AgentServlet::getOriginOrReferer, AgentServlet::handle]
jars/NEQ3/jolokia-core-1.2.0.jar	jars/NEQ3/jolokia-core-1.2.1.jar	/org/jolokia/http/HttpRequestHandler.class	/org/jolokia/http/HttpRequestHandler.class	CVE-2014-0168	GHSA-fjhw-8222-g2hg	org.jolokia:jolokia-core	1.2.0	1.2.1	https://github.com/rhuss/jolokia	2d9b168cfbbf5a6d16fa6e8a5b34503e3dc42364	[HttpRequestHandler::checkClientIPAccess, HttpRequestHandler::extractCorsOrigin, HttpRequestHandler::checkAccess, HttpRequestHandler::handleCorsPreflightRequest]
jars/NEQ3/jolokia-core-1.2.0.jar	jars/NEQ3/jolokia-core-1.2.1.jar	/org/jolokia/restrictor/AbstractConstantRestrictor.class	/org/jolokia/restrictor/AbstractConstantRestrictor.class	CVE-2014-0168	GHSA-fjhw-8222-g2hg	org.jolokia:jolokia-core	1.2.0	1.2.1	https://github.com/rhuss/jolokia	2d9b168cfbbf5a6d16fa6e8a5b34503e3dc42364	[AbstractConstantRestrictor::isOriginAllowed, AbstractConstantRestrictor::isCorsAccessAllowed]
jars/NEQ3/jolokia-core-1.2.0.jar	jars/NEQ3/jolokia-core-1.2.1.jar	/org/jolokia/restrictor/PolicyRestrictor.class	/org/jolokia/restrictor/PolicyRestrictor.class	CVE-2014-0168	GHSA-fjhw-8222-g2hg	org.jolokia:jolokia-core	1.2.0	1.2.1	https://github.com/rhuss/jolokia	2d9b168cfbbf5a6d16fa6e8a5b34503e3dc42364	[PolicyRestrictor::isCorsAccessAllowed, PolicyRestrictor::isOriginAllowed]
jars/NEQ3/jolokia-core-1.2.0.jar	jars/NEQ3/jolokia-core-1.2.1.jar	/org/jolokia/restrictor/policy/CorsChecker.class	/org/jolokia/restrictor/policy/CorsChecker.class	CVE-2014-0168	GHSA-fjhw-8222-g2hg	org.jolokia:jolokia-core	1.2.0	1.2.1	https://github.com/rhuss/jolokia	2d9b168cfbbf5a6d16fa6e8a5b34503e3dc42364	[CorsChecker::check, CorsChecker::CorsChecker, CorsChecker::check]
jars/NEQ3/mysql-connector-java-5.1.40.jar	jars/NEQ3/mysql-connector-java-5.1.41.jar	/com/mysql/jdbc/ResultSetImpl.class	/com/mysql/jdbc/ResultSetImpl.class	CVE-2017-3523	GHSA-2xxh-f8r3-hvvr	mysql:mysql-connector-java	5.1.40	5.1.41	https://github.com/mysql/mysql-connector-j	6189e718de5b6c6115aee45dd7a480081c129d68	[ResultSetImpl::getNativeConvertToString]
jars/NEQ3/groovy-2.4.3.jar	jars/NEQ3/groovy-2.4.4.jar	/org/codehaus/groovy/runtime/MethodClosure.class	/org/codehaus/groovy/runtime/MethodClosure.class	CVE-2015-3253	GHSA-qg25-hgjv-cg9q	org.codehaus.groovy:groovy	2.4.3	2.4.4	https://github.com/apache/groovy	09e9778e8a33052d8c27105aee5310649637233d	[MethodClosure::readResolve]
jars/NEQ3/httpclient-4.3.jar	jars/NEQ3/httpclient-4.3.1.jar	/org/apache/http/impl/client/HttpClientBuilder.class	/org/apache/http/impl/client/HttpClientBuilder.class	CVE-2013-4366	GHSA-pqwh-44jj-p5rm	org.apache.httpcomponents:httpclient	4.3	4.3.1	https://github.com/apache/httpcomponents-client	08140864e3e4c0994e094c4cf0507932baf6a66a	[HttpClientBuilder::build]
jars/NEQ3/esapi-2.1.0.jar	jars/NEQ3/esapi-2.1.0.1.jar	/org/owasp/esapi/codecs/PercentCodec.class	/org/owasp/esapi/codecs/PercentCodec.class	CVE-2013-5960	GHSA-2g56-7jv7-wxxq	org.owasp.esapi:esapi	2.1.0	2.1.0.1	https://github.com/ESAPI/esapi-java-legacy	b7cbc53f9cc967cf1a5a9463d8c6fef9ed6ef4f7	[PercentCodec::encodeCharacter]
jars/NEQ3/groovy-2.4.3.jar	jars/NEQ3/groovy-2.4.4.jar	/org/codehaus/groovy/runtime/MethodClosure.class	/org/codehaus/groovy/runtime/MethodClosure.class	CVE-2016-6814	GHSA-xphj-m9cc-8fmq	org.codehaus.groovy:groovy	2.4.3	2.4.4	https://github.com/apache/groovy	4df8b652aa018a5d5d1cda8fba938bf3422db31c	[MethodClosure::readObject]
jars/NEQ3/cassandra-all-3.11.1.jar	jars/NEQ3/cassandra-all-3.11.2.jar	/org/apache/cassandra/utils/JMXServerUtils.class	/org/apache/cassandra/utils/JMXServerUtils.class	CVE-2018-8016	GHSA-52gq-7j6c-xw6x	org.apache.cassandra:cassandra-all	3.11.1	3.11.2	https://github.com/beobal/cassandra	28ee665b3c0c9238b61a871064f024d54cddcc79	[JMXServerUtils::configureRMIRegistry, JMXServerUtils::createJMXServer]
jars/NEQ3/activemq-client-5.10.0.jar	jars/NEQ3/activemq-client-5.10.1.jar	/org/apache/activemq/filter/XPathExpression.class	/org/apache/activemq/filter/XPathExpression.class	CVE-2014-3600	GHSA-4vhf-2hv7-8mrx	org.apache.activemq:activemq-client	5.10.0	5.10.1	https://gitbox.apache.org/repos/asf/activemq	b9696ac80bb496b52d05c3884f81b0746d9af9e2	[XPathExpression::setupFeatures, XPathExpression::createEvaluator, XPathExpression::getXPathEvaluatorConstructor, XPathExpression::catch]
jars/NEQ3/unboundid-ldapsdk-4.0.4.jar	jars/NEQ3/unboundid-ldapsdk-4.0.5.jar	/com/unboundid/ldap/sdk/SimpleBindRequest.class	/com/unboundid/ldap/sdk/SimpleBindRequest.class	CVE-2018-1000134	GHSA-qwq9-8rpf-8mp7	com.unboundid:unboundid-ldapsdk	4.0.4	4.0.5	https://github.com/pingidentity/ldapsdk	8471904a02438c03965d21367890276bc25fa5a6	[SimpleBindRequest::process]
jars/NEQ3/struts2-core-2.3.15.jar	jars/NEQ3/struts2-core-2.3.15.1.jar	/org/apache/struts2/dispatcher/mapper/DefaultActionMapper.class	/org/apache/struts2/dispatcher/mapper/DefaultActionMapper.class	CVE-2013-4316	GHSA-j7h6-xr7g-m2c5	org.apache.struts:struts2-core	2.3.15	2.3.15.1	https://github.com/apache/struts	58947c3f85ae641c1a476316a2888e53605948d1	[DefaultActionMapper::DefaultActionMapper, DefaultActionMapper::setAllowDynamicMethodCalls, DefaultActionMapper::handleSpecialParameters]
jars/NEQ3/elasticsearch-1.5.2.jar	jars/NEQ3/elasticsearch-1.6.0.jar	/org/elasticsearch/env/Environment.class	/org/elasticsearch/env/Environment.class	CVE-2015-4165	GHSA-fh5x-4j57-6q5x	org.elasticsearch:elasticsearch	1.5.2	1.6.0	https://github.com/elastic/elasticsearch	f5cfb2a1869d1a52930cbd3138278a6e2c1b22e6	[Environment::Environment, Environment::repoFiles, Environment::resolve, Environment::resolveRepoFile]
jars/NEQ3/elasticsearch-1.5.2.jar	jars/NEQ3/elasticsearch-1.6.0.jar	/org/elasticsearch/repositories/fs/FsRepository.class	/org/elasticsearch/repositories/fs/FsRepository.class	CVE-2015-4165	GHSA-fh5x-4j57-6q5x	org.elasticsearch:elasticsearch	1.5.2	1.6.0	https://github.com/elastic/elasticsearch	f5cfb2a1869d1a52930cbd3138278a6e2c1b22e6	[FsRepository::FsRepository, FsRepository::FsRepository]
jars/NEQ3/mailer-1.20.jar	jars/NEQ3/mailer-1.21.jar	/hudson/tasks/Mailer$DescriptorImpl.class	/hudson/tasks/Mailer$DescriptorImpl.class	CVE-2018-8718	GHSA-6g57-h38c-q52g	org.jenkins-ci.plugins:mailer	1.20	1.21	https://github.com/jenkinsci/mailer-plugin	98e79cf904769907f83894e29f50ed6b3e7eb135	[Mailer::DescriptorImpl::doSendTestMail]
jars/NEQ3/struts2-core-2.3.4.jar	jars/NEQ3/struts2-core-2.3.4.1.jar	/org/apache/struts2/interceptor/ExecuteAndWaitInterceptor.class	/org/apache/struts2/interceptor/ExecuteAndWaitInterceptor.class	CVE-2012-4386	GHSA-2rvh-q539-q33v	org.apache.struts:struts2-core	2.3.4	2.3.4.1	https://github.com/apache/struts	1081c52be93abfd2f33ba8453c676e3edcedec8b	[ExecuteAndWaitInterceptor::doIntercept]
jars/NEQ3/struts2-core-2.3.4.jar	jars/NEQ3/struts2-core-2.3.4.1.jar	/org/apache/struts2/interceptor/TokenSessionStoreInterceptor.class	/org/apache/struts2/interceptor/TokenSessionStoreInterceptor.class	CVE-2012-4386	GHSA-2rvh-q539-q33v	org.apache.struts:struts2-core	2.3.4	2.3.4.1	https://github.com/apache/struts	1081c52be93abfd2f33ba8453c676e3edcedec8b	[TokenSessionStoreInterceptor::handleInvalidToken, TokenSessionStoreInterceptor::handleValidToken]
jars/NEQ3/struts2-core-2.3.4.jar	jars/NEQ3/struts2-core-2.3.4.1.jar	/org/apache/struts2/util/TokenHelper.class	/org/apache/struts2/util/TokenHelper.class	CVE-2012-4386	GHSA-2rvh-q539-q33v	org.apache.struts:struts2-core	2.3.4	2.3.4.1	https://github.com/apache/struts	1081c52be93abfd2f33ba8453c676e3edcedec8b	[TokenHelper::buildTokenSessionAttributeName, TokenHelper::setToken, TokenHelper::validToken, TokenHelper::setSessionToken]
jars/NEQ3/togglz-console-2.9.3.jar	jars/NEQ3/togglz-console-2.9.4.jar	/org/togglz/console/handlers/edit/EditPageHandler.class	/org/togglz/console/handlers/edit/EditPageHandler.class	CVE-2020-28191	GHSA-697v-pxg3-j262	org.togglz:togglz-console	2.9.3	2.9.4	https://github.com/togglz/togglz	ed66e3f584de954297ebaf98ea4a235286784707	[EditPageHandler::process, EditPageHandler::renderEditPage, EditPageHandler::renderErrorPage, EditPageHandler::validateCSRFToken]
jars/NEQ3/batik-svgbrowser-1.13.jar	jars/NEQ3/batik-svgbrowser-1.14.jar	/org/apache/batik/apps/svgbrowser/NodePickerPanel.class	/org/apache/batik/apps/svgbrowser/NodePickerPanel.class	CVE-2020-11987	GHSA-2h63-qp69-fwvw	org.apache.xmlgraphics:batik-svgbrowser	1.13	1.14	https://github.com/apache/xmlgraphics-batik	0ef5b661a1f77772d1110877ea9e0287987098f6	[NodePickerPanel::parseXml]
jars/NEQ3/smallrye-config-1.6.1.jar	jars/NEQ3/smallrye-config-1.6.2.jar	/io/smallrye/config/SecuritySupport.class	/io/smallrye/config/SecuritySupport.class	CVE-2020-1729	GHSA-54fx-gm74-q676	io.smallrye.config:smallrye-config	1.6.1	1.6.2	https://github.com/smallrye/smallrye-config	fb0def6f61c09a2a80c9145e4ec6521225cd0b99	[SecuritySupport::getContextClassLoader]
jars/NEQ3/org.torpedoquery-2.5.2.jar	jars/NEQ3/org.torpedoquery-2.5.3.jar	/org/torpedoquery/jpa/internal/conditions/ConditionBuilder.class	/org/torpedoquery/jpa/internal/conditions/ConditionBuilder.class	CVE-2019-11343	GHSA-j7m2-58wv-9v79	org.torpedoquery:org.torpedoquery	2.5.2	2.5.3	https://github.com/xjodoin/torpedoquery	3c20b874fba9cc2a78b9ace10208de1602b56c3f	[ConditionBuilder::createLike]
jars/NEQ3/org.torpedoquery-2.5.2.jar	jars/NEQ3/org.torpedoquery-2.5.3.jar	/org/torpedoquery/jpa/internal/conditions/LikeCondition.class	/org/torpedoquery/jpa/internal/conditions/LikeCondition.class	CVE-2019-11343	GHSA-j7m2-58wv-9v79	org.torpedoquery:org.torpedoquery	2.5.2	2.5.3	https://github.com/xjodoin/torpedoquery	3c20b874fba9cc2a78b9ace10208de1602b56c3f	[LikeCondition::LikeCondition, LikeCondition::LikeCondition, LikeCondition::getLike, LikeCondition::getParameters, LikeCondition::createQueryFragment, LikeCondition::getComparator]
jars/NEQ3/org.torpedoquery-2.5.2.jar	jars/NEQ3/org.torpedoquery-2.5.3.jar	/org/torpedoquery/jpa/internal/conditions/NotLikeCondition.class	/org/torpedoquery/jpa/internal/conditions/NotLikeCondition.class	CVE-2019-11343	GHSA-j7m2-58wv-9v79	org.torpedoquery:org.torpedoquery	2.5.2	2.5.3	https://github.com/xjodoin/torpedoquery	3c20b874fba9cc2a78b9ace10208de1602b56c3f	[NotLikeCondition::getLike, NotLikeCondition::NotLikeCondition, NotLikeCondition::getComparator, NotLikeCondition::NotLikeCondition]
jars/NEQ3/xmlgraphics-commons-2.4.jar	jars/NEQ3/xmlgraphics-commons-2.6.jar	/org/apache/xmlgraphics/xmp/XMPParser.class	/org/apache/xmlgraphics/xmp/XMPParser.class	CVE-2020-11988	GHSA-fmj2-7wx8-qj4v	org.apache.xmlgraphics:xmlgraphics-commons	2.4	2.6	https://github.com/apache/xmlgraphics-commons	57393912eb87b994c7fed39ddf30fb778a275183	[XMPParser::parseXMP]
jars/NEQ3/geode-core-1.9.2.jar	jars/NEQ3/geode-core-1.10.0.jar	/org/apache/geode/internal/net/SocketCreator.class	/org/apache/geode/internal/net/SocketCreator.class	CVE-2019-10091	GHSA-wc4x-4gm2-74j8	org.apache.geode:geode-core	1.9.2	1.10.0	https://github.com/apache/geode	e57028fd62a2f5980ea6c9a7ab89ada06c828634	[SocketCreator::configureClientSSLSocket, SocketCreator::handshakeSSLSocketChannel, SocketCreator::checkAndEnableHostnameValidation]
jars/NEQ3/geode-core-1.9.2.jar	jars/NEQ3/geode-core-1.10.0.jar	/org/apache/geode/internal/tcp/Connection.class	/org/apache/geode/internal/tcp/Connection.class	CVE-2019-10091	GHSA-wc4x-4gm2-74j8	org.apache.geode:geode-core	1.9.2	1.10.0	https://github.com/apache/geode	e57028fd62a2f5980ea6c9a7ab89ada06c828634	[Connection::createIoFilter]
jars/NEQ3/postgresql-42.2.12.jre7.jar	jars/NEQ3/postgresql-42.2.13.jar	/org/postgresql/ds/common/BaseDataSource.class	/org/postgresql/ds/common/BaseDataSource.class	CVE-2020-13692	GHSA-88cc-g835-76rp	org.postgresql:postgresql	42.2.12.jre7	42.2.13	https://github.com/pgjdbc/pgjdbc	14b62aca4764d496813f55a43d050b017e01eb65	[BaseDataSource::getXmlFactoryFactory, BaseDataSource::setXmlFactoryFactory]
jars/NEQ3/postgresql-42.2.12.jre7.jar	jars/NEQ3/postgresql-42.2.13.jar	/org/postgresql/jdbc/PgConnection.class	/org/postgresql/jdbc/PgConnection.class	CVE-2020-13692	GHSA-88cc-g835-76rp	org.postgresql:postgresql	42.2.12.jre7	42.2.13	https://github.com/pgjdbc/pgjdbc	14b62aca4764d496813f55a43d050b017e01eb65	[PgConnection::PgConnection, PgConnection::getXmlFactoryFactory]
jars/NEQ3/postgresql-42.2.12.jre7.jar	jars/NEQ3/postgresql-42.2.13.jar	/org/postgresql/jdbc/PgSQLXML.class	/org/postgresql/jdbc/PgSQLXML.class	CVE-2020-13692	GHSA-88cc-g835-76rp	org.postgresql:postgresql	42.2.12.jre7	42.2.13	https://github.com/pgjdbc/pgjdbc	14b62aca4764d496813f55a43d050b017e01eb65	[PgSQLXML::getSource, PgSQLXML::ensureInitialized, PgSQLXML::getXmlFactoryFactory, PgSQLXML::setResult]
jars/NEQ3/jodd-all-5.0.3.jar	jars/NEQ3/jodd-all-5.0.4.jar	/jodd/json/JsonParser.class	/jodd/json/JsonParser.class	CVE-2018-21234	GHSA-jrg3-qq99-35g7	org.jodd:jodd-all	5.0.3	5.0.4	https://github.com/oblac/jodd	9bffc3913aeb8472c11bb543243004b4b4376f16	[JsonParser::allowClass, JsonParser::allowAllClasses]
jars/NEQ3/jodd-all-5.0.3.jar	jars/NEQ3/jodd-all-5.0.4.jar	/jodd/json/MapToBean.class	/jodd/json/MapToBean.class	CVE-2018-21234	GHSA-jrg3-qq99-35g7	org.jodd:jodd-all	5.0.3	5.0.4	https://github.com/oblac/jodd	9bffc3913aeb8472c11bb543243004b4b4376f16	[MapToBean::map2bean, MapToBean::checkClassName]
jars/NEQ3/json-sanitizer-1.2.0.jar	jars/NEQ3/json-sanitizer-1.2.1.jar	/com/google/json/JsonSanitizer.class	/com/google/json/JsonSanitizer.class	CVE-2020-13973	GHSA-g8jj-899q-8x3j	com.mikesamuel:json-sanitizer	1.2.0	1.2.1	https://github.com/OWASP/json-sanitizer	f3512bab078af3f5c533dacc2d410add8c0c1124	[JsonSanitizer::sanitizeString]
